-- MySQL dump 10.13  Distrib 8.0.31, for Win64 (x86_64)
--
-- Host: localhost    Database: iaater
-- ------------------------------------------------------
-- Server version	8.0.31

/*!40101 SET @OLD_CHARACTER_SET_CLIENT=@@CHARACTER_SET_CLIENT */;
/*!40101 SET @OLD_CHARACTER_SET_RESULTS=@@CHARACTER_SET_RESULTS */;
/*!40101 SET @OLD_COLLATION_CONNECTION=@@COLLATION_CONNECTION */;
/*!50503 SET NAMES utf8 */;
/*!40103 SET @OLD_TIME_ZONE=@@TIME_ZONE */;
/*!40103 SET TIME_ZONE='+00:00' */;
/*!40014 SET @OLD_UNIQUE_CHECKS=@@UNIQUE_CHECKS, UNIQUE_CHECKS=0 */;
/*!40014 SET @OLD_FOREIGN_KEY_CHECKS=@@FOREIGN_KEY_CHECKS, FOREIGN_KEY_CHECKS=0 */;
/*!40101 SET @OLD_SQL_MODE=@@SQL_MODE, SQL_MODE='NO_AUTO_VALUE_ON_ZERO' */;
/*!40111 SET @OLD_SQL_NOTES=@@SQL_NOTES, SQL_NOTES=0 */;

--
-- Table structure for table `palavra_localizacao`
--

DROP TABLE IF EXISTS `palavra_localizacao`;
/*!40101 SET @saved_cs_client     = @@character_set_client */;
/*!50503 SET character_set_client = utf8mb4 */;
CREATE TABLE `palavra_localizacao` (
  `idpalavra_localizacao` int NOT NULL AUTO_INCREMENT,
  `idperfil` int NOT NULL,
  `idpalavra` int NOT NULL,
  `localizacao` int DEFAULT NULL,
  PRIMARY KEY (`idpalavra_localizacao`),
  KEY `fk_palavra_localizacao_idperfil` (`idperfil`),
  KEY `idx_palavra_localizacao_idpalavra` (`idpalavra`),
  CONSTRAINT `fk_palavra_localizacao_idpalavra` FOREIGN KEY (`idpalavra`) REFERENCES `palavras` (`idpalavra`),
  CONSTRAINT `fk_palavra_localizacao_idperfil` FOREIGN KEY (`idperfil`) REFERENCES `perfis` (`idperfil`)
) ENGINE=InnoDB AUTO_INCREMENT=3824 DEFAULT CHARSET=utf8mb4 COLLATE=utf8mb4_0900_ai_ci;
/*!40101 SET character_set_client = @saved_cs_client */;

--
-- Dumping data for table `palavra_localizacao`
--

LOCK TABLES `palavra_localizacao` WRITE;
/*!40000 ALTER TABLE `palavra_localizacao` DISABLE KEYS */;
INSERT INTO `palavra_localizacao` VALUES (1,1,1,0),(2,1,2,1),(3,1,3,2),(4,1,4,3),(5,1,5,4),(6,1,6,5),(7,1,7,6),(8,1,8,7),(9,1,9,8),(10,1,10,9),(11,1,11,10),(12,1,12,11),(13,1,13,12),(14,1,14,13),(15,2,15,0),(16,2,16,1),(17,2,6,2),(18,2,17,3),(19,2,18,4),(20,2,19,5),(21,2,20,6),(22,2,21,7),(23,2,22,8),(24,2,23,9),(25,2,24,10),(26,2,25,11),(27,2,26,12),(28,3,27,0),(29,3,28,1),(30,3,29,2),(31,3,30,3),(32,3,8,4),(33,4,31,0),(34,4,8,1),(35,5,32,0),(36,5,33,1),(37,5,34,2),(38,5,35,3),(39,5,36,4),(40,5,37,5),(41,5,38,6),(42,5,39,7),(43,5,40,8),(44,6,41,0),(45,6,42,1),(46,6,43,2),(47,6,44,3),(48,6,45,4),(49,6,46,5),(50,6,47,6),(51,6,16,7),(52,6,48,8),(53,6,49,9),(54,7,50,0),(55,7,51,1),(56,7,52,2),(57,7,53,3),(58,7,54,4),(59,7,55,5),(60,7,56,6),(61,7,57,7),(62,7,58,8),(63,7,59,9),(64,7,60,10),(65,7,49,11),(66,7,61,12),(67,7,62,13),(68,8,8,0),(69,8,63,1),(70,8,64,2),(71,8,65,3),(72,8,47,4),(73,8,32,5),(74,8,66,6),(75,8,67,7),(76,8,68,8),(77,8,69,9),(78,9,70,0),(79,9,71,1),(80,9,72,2),(81,9,58,3),(82,9,73,4),(83,9,74,5),(84,9,75,6),(85,9,76,7),(86,9,77,8),(87,9,78,9),(88,9,79,10),(89,9,53,11),(90,9,54,12),(91,9,55,13),(92,9,80,14),(93,9,81,15),(94,9,82,16),(95,10,83,0),(96,10,84,1),(97,10,85,2),(98,10,86,3),(99,10,87,4),(100,10,88,5),(101,10,62,6),(102,10,89,7),(103,11,90,0),(104,11,91,1),(105,11,47,2),(106,11,92,3),(107,11,93,4),(108,11,94,5),(109,11,95,6),(110,12,96,0),(111,12,97,1),(112,12,98,2),(113,13,99,0),(114,13,62,1),(115,14,100,0),(116,14,101,1),(117,14,102,2),(118,14,103,3),(119,14,104,4),(120,14,105,5),(121,14,106,6),(122,14,107,7),(123,14,108,8),(124,14,109,9),(125,14,110,10),(126,14,111,11),(127,14,112,12),(128,14,93,13),(129,14,113,14),(130,14,6,15),(131,14,114,16),(132,15,115,0),(133,15,116,1),(134,15,117,2),(135,15,118,3),(136,15,119,4),(137,15,120,5),(138,15,60,6),(139,15,121,7),(140,15,122,8),(141,15,93,9),(142,15,121,10),(143,16,32,0),(144,16,123,1),(145,16,124,2),(146,16,71,3),(147,16,125,4),(148,16,126,5),(149,16,127,6),(150,16,128,7),(151,16,129,8),(152,16,130,9),(153,16,131,10),(154,16,132,11),(155,16,133,12),(156,16,134,13),(157,17,135,0),(158,17,136,1),(159,17,137,2),(160,17,138,3),(161,17,139,4),(162,17,140,5),(163,17,141,6),(164,17,142,7),(165,17,143,8),(166,17,144,9),(167,18,145,0),(168,18,146,1),(169,18,147,2),(170,18,62,3),(171,19,148,0),(172,19,149,1),(173,19,150,2),(174,19,151,3),(175,19,152,4),(176,19,153,5),(177,19,154,6),(178,19,155,7),(179,19,156,8),(180,19,157,9),(181,19,6,10),(182,20,158,0),(183,20,159,1),(184,20,160,2),(185,20,161,3),(186,20,162,4),(187,20,163,5),(188,20,164,6),(189,20,165,7),(190,21,166,0),(191,21,167,1),(192,21,168,2),(193,21,169,3),(194,21,170,4),(195,21,171,5),(196,21,172,6),(197,21,173,7),(198,21,174,8),(199,21,120,9),(200,21,175,10),(201,21,93,11),(202,21,176,12),(203,22,177,0),(204,22,178,1),(205,23,179,0),(206,23,180,1),(207,23,181,2),(208,23,180,3),(209,23,182,4),(210,23,183,5),(211,23,184,6),(212,24,185,0),(213,24,186,1),(214,24,187,2),(215,24,188,3),(216,24,189,4),(217,24,8,5),(218,24,190,6),(219,24,191,7),(220,24,192,8),(221,24,193,9),(222,24,194,10),(223,24,195,11),(224,24,93,12),(225,24,196,13),(226,25,197,0),(227,25,112,1),(228,25,93,2),(229,25,198,3),(230,25,93,4),(231,25,199,5),(232,26,200,0),(233,26,126,1),(234,26,201,2),(235,26,8,3),(236,26,202,4),(237,26,66,5),(238,26,203,6),(239,26,204,7),(240,26,156,8),(241,26,205,9),(242,26,206,10),(243,26,62,11),(244,26,207,12),(245,26,208,13),(246,26,209,14),(247,26,210,15),(248,26,209,16),(249,26,211,17),(250,27,212,0),(251,27,201,1),(252,27,213,2),(253,27,214,3),(254,27,215,4),(255,27,112,5),(256,27,93,6),(257,27,216,7),(258,28,217,0),(259,28,218,1),(260,28,219,2),(261,28,220,3),(262,28,221,4),(263,28,222,5),(264,28,47,6),(265,28,223,7),(266,28,62,8),(267,28,224,9),(268,28,223,10),(269,29,225,0),(270,29,226,1),(271,29,58,2),(272,29,227,3),(273,29,228,4),(274,29,229,5),(275,29,230,6),(276,29,231,7),(277,29,232,8),(278,29,233,9),(279,29,58,10),(280,29,234,11),(281,29,235,12),(282,29,93,13),(283,29,236,14),(284,30,237,0),(285,30,238,1),(286,30,156,2),(287,30,239,3),(288,30,62,4),(289,30,240,5),(290,30,241,6),(291,30,112,7),(292,30,93,8),(293,30,242,9),(294,31,243,0),(295,31,3,1),(296,31,244,2),(297,31,245,3),(298,31,241,4),(299,32,90,0),(300,32,91,1),(301,32,246,2),(302,32,247,3),(303,32,6,4),(304,32,248,5),(305,32,248,6),(306,32,91,7),(307,32,194,8),(308,32,31,9),(309,32,162,10),(310,32,57,11),(311,32,249,12),(312,33,250,0),(313,33,251,1),(314,33,252,2),(315,33,253,3),(316,33,254,4),(317,33,140,5),(318,33,255,6),(319,33,256,7),(320,33,32,8),(321,33,257,9),(322,33,258,10),(323,33,31,11),(324,33,257,12),(325,33,259,13),(326,33,260,14),(327,33,120,15),(328,33,58,16),(329,33,261,17),(330,34,262,0),(331,34,263,1),(332,34,264,2),(333,34,265,3),(334,34,177,4),(335,34,266,5),(336,34,138,6),(337,34,114,7),(338,34,267,8),(339,34,268,9),(340,34,269,10),(341,35,270,0),(342,35,271,1),(343,35,119,2),(344,35,272,3),(345,35,58,4),(346,35,273,5),(347,35,274,6),(348,35,275,7),(349,35,276,8),(350,35,277,9),(351,35,278,10),(352,35,279,11),(353,35,280,12),(354,35,112,13),(355,35,93,14),(356,35,281,15),(357,36,282,0),(358,36,283,1),(359,36,284,2),(360,36,32,3),(361,36,285,4),(362,36,8,5),(363,36,286,6),(364,36,47,7),(365,37,287,0),(366,37,288,1),(367,37,277,2),(368,37,289,3),(369,37,290,4),(370,37,291,5),(371,37,32,6),(372,37,292,7),(373,37,293,8),(374,37,294,9),(375,37,295,10),(376,37,296,11),(377,37,297,12),(378,37,298,13),(379,38,120,0),(380,38,299,1),(381,38,300,2),(382,38,301,3),(383,38,302,4),(384,38,64,5),(385,38,47,6),(386,38,303,7),(387,38,304,8),(388,38,62,9),(389,39,197,0),(390,39,305,1),(391,39,306,2),(392,39,307,3),(393,39,124,4),(394,39,308,5),(395,39,127,6),(396,39,124,7),(397,39,309,8),(398,39,310,9),(399,39,124,10),(400,39,130,11),(401,39,311,12),(402,39,312,13),(403,39,313,14),(404,40,286,0),(405,40,314,1),(406,40,315,2),(407,40,62,3),(408,40,316,4),(409,40,107,5),(410,40,317,6),(411,40,318,7),(412,40,319,8),(413,40,296,9),(414,40,320,10),(415,40,321,11),(416,40,322,12),(417,40,323,13),(418,41,324,0),(419,41,277,1),(420,41,325,2),(421,41,326,3),(422,41,62,4),(423,41,327,5),(424,41,328,6),(425,42,329,0),(426,42,330,1),(427,42,331,2),(428,42,332,3),(429,42,333,4),(430,42,35,5),(431,42,6,6),(432,42,334,7),(433,42,335,8),(434,42,336,9),(435,42,337,10),(436,42,338,11),(437,42,321,12),(438,42,339,13),(439,43,340,0),(440,43,341,1),(441,43,342,2),(442,43,343,3),(443,43,344,4),(444,43,345,5),(445,43,202,6),(446,43,346,7),(447,44,6,0),(448,44,347,1),(449,44,348,2),(450,44,347,3),(451,44,349,4),(452,44,47,5),(453,44,350,6),(454,44,351,7),(455,44,352,8),(456,44,353,9),(457,44,354,10),(458,44,355,11),(459,44,62,12),(460,45,356,0),(461,45,357,1),(462,45,358,2),(463,45,359,3),(464,45,64,4),(465,45,360,5),(466,45,361,6),(467,45,362,7),(468,45,363,8),(469,45,364,9),(470,45,365,10),(471,45,366,11),(472,45,367,12),(473,45,368,13),(474,46,369,0),(475,46,370,1),(476,46,321,2),(477,46,369,3),(478,47,230,0),(479,47,371,1),(480,47,372,2),(481,47,373,3),(482,47,47,4),(483,47,374,5),(484,47,229,6),(485,47,260,7),(486,47,375,8),(487,47,376,9),(488,47,377,10),(489,47,378,11),(490,47,379,12),(491,47,112,13),(492,47,93,14),(493,47,380,15),(494,48,177,0),(495,48,381,1),(496,50,382,0),(497,50,205,1),(498,50,383,2),(499,50,384,3),(500,50,6,4),(501,50,106,5),(502,50,6,6),(503,50,71,7),(504,50,124,8),(505,50,385,9),(506,50,386,10),(507,50,387,11),(508,50,388,12),(509,50,389,13),(510,51,390,0),(511,51,391,1),(512,51,32,2),(513,51,344,3),(514,51,392,4),(515,51,393,5),(516,51,394,6),(517,51,120,7),(518,51,395,8),(519,52,396,0),(520,52,397,1),(521,52,106,2),(522,52,398,3),(523,52,399,4),(524,52,265,5),(525,52,400,6),(526,52,401,7),(527,52,402,8),(528,52,114,9),(529,52,403,10),(530,52,404,11),(531,52,405,12),(532,52,406,13),(533,52,407,14),(534,52,408,15),(535,52,409,16),(536,53,350,0),(537,53,410,1),(538,53,411,2),(539,53,412,3),(540,53,413,4),(541,53,62,5),(542,54,414,0),(543,54,415,1),(544,54,416,2),(545,54,417,3),(546,54,149,4),(547,54,418,5),(548,54,419,6),(549,54,420,7),(550,54,421,8),(551,54,422,9),(552,54,389,10),(553,54,423,11),(554,55,55,0),(555,55,411,1),(556,55,47,2),(557,55,424,3),(558,55,425,4),(559,55,426,5),(560,55,427,6),(561,55,6,7),(562,55,124,8),(563,55,428,9),(564,55,429,10),(565,55,430,11),(566,55,431,12),(567,55,432,13),(568,55,177,14),(569,55,433,15),(570,55,434,16),(571,55,435,17),(572,56,304,0),(573,56,436,1),(574,56,437,2),(575,56,438,3),(576,56,439,4),(577,56,440,5),(578,56,437,6),(579,56,290,7),(580,56,177,8),(581,56,441,9),(582,57,290,0),(583,57,442,1),(584,57,443,2),(585,57,444,3),(586,57,445,4),(587,57,446,5),(588,57,447,6),(589,57,448,7),(590,57,449,8),(591,57,16,9),(592,57,108,10),(593,57,450,11),(594,57,164,12),(595,57,451,13),(596,58,363,0),(597,58,452,1),(598,58,453,2),(599,58,454,3),(600,58,202,4),(601,58,455,5),(602,58,456,6),(603,58,457,7),(604,58,44,8),(605,58,458,9),(606,58,459,10),(607,58,41,11),(608,58,460,12),(609,59,106,0),(610,59,32,1),(611,59,155,2),(612,59,461,3),(613,59,462,4),(614,59,62,5),(615,59,463,6),(616,59,464,7),(617,59,465,8),(618,60,466,0),(619,60,467,1),(620,60,468,2),(621,60,469,3),(622,60,470,4),(623,60,471,5),(624,60,299,6),(625,60,472,7),(626,60,473,8),(627,60,177,9),(628,60,474,10),(629,60,475,11),(630,60,156,12),(631,60,474,13),(632,60,476,14),(633,60,474,15),(634,60,477,16),(635,60,93,17),(636,60,474,18),(637,61,478,0),(638,61,221,1),(639,61,479,2),(640,61,464,3),(641,61,185,4),(642,61,186,5),(643,61,480,6),(644,61,112,7),(645,61,93,8),(646,61,481,9),(647,62,482,0),(648,62,483,1),(649,62,484,2),(650,62,485,3),(651,62,486,4),(652,62,16,5),(653,62,71,6),(654,62,487,7),(655,62,488,8),(656,62,489,9),(657,62,490,10),(658,62,47,11),(659,62,491,12),(660,62,492,13),(661,62,93,14),(662,62,493,15),(663,63,32,0),(664,63,110,1),(665,63,494,2),(666,63,495,3),(667,63,310,4),(668,63,496,5),(669,63,497,6),(670,63,498,7),(671,63,110,8),(672,63,499,9),(673,63,500,10),(674,63,501,11),(675,63,502,12),(676,63,503,13),(677,63,504,14),(678,64,32,0),(679,64,106,1),(680,64,47,2),(681,64,505,3),(682,64,62,4),(683,64,506,5),(684,64,114,6),(685,64,507,7),(686,64,508,8),(687,64,509,9),(688,64,510,10),(689,65,511,0),(690,65,512,1),(691,65,513,2),(692,65,514,3),(693,65,515,4),(694,65,205,5),(695,65,516,6),(696,65,517,7),(697,65,114,8),(698,65,518,9),(699,65,516,10),(700,65,519,11),(701,65,520,12),(702,65,47,13),(703,66,521,0),(704,66,81,1),(705,66,522,2),(706,66,523,3),(707,66,62,4),(708,66,524,5),(709,66,525,6),(710,66,526,7),(711,66,527,8),(712,66,163,9),(713,66,164,10),(714,66,528,11),(715,67,529,0),(716,67,530,1),(717,67,47,2),(718,67,531,3),(719,67,532,4),(720,67,533,5),(721,67,534,6),(722,67,535,7),(723,67,536,8),(724,67,58,9),(725,67,537,10),(726,67,538,11),(727,67,539,12),(728,67,540,13),(729,67,6,14),(730,67,541,15),(731,68,108,0),(732,68,542,1),(733,68,543,2),(734,68,544,3),(735,68,545,4),(736,68,546,5),(737,68,547,6),(738,68,548,7),(739,68,549,8),(740,68,544,9),(741,68,550,10),(742,68,551,11),(743,68,552,12),(744,69,553,0),(745,69,554,1),(746,69,555,2),(747,69,556,3),(748,69,110,4),(749,69,557,5),(750,69,558,6),(751,69,559,7),(752,69,62,8),(753,70,560,0),(754,70,561,1),(755,70,562,2),(756,70,563,3),(757,70,32,4),(758,70,564,5),(759,70,565,6),(760,70,566,7),(761,70,205,8),(762,70,557,9),(763,70,567,10),(764,70,565,11),(765,70,89,12),(766,70,568,13),(767,70,569,14),(768,70,570,15),(769,71,571,0),(770,71,572,1),(771,71,126,2),(772,71,573,3),(773,71,574,4),(774,71,575,5),(775,71,576,6),(776,71,577,7),(777,73,578,0),(778,73,579,1),(779,73,580,2),(780,73,581,3),(781,73,582,4),(782,73,583,5),(783,73,584,6),(784,73,585,7),(785,73,586,8),(786,74,587,0),(787,74,588,1),(788,74,589,2),(789,74,590,3),(790,74,591,4),(791,74,592,5),(792,74,593,6),(793,74,594,7),(794,74,595,8),(795,74,596,9),(796,74,597,10),(797,74,598,11),(798,74,599,12),(799,75,470,0),(800,75,600,1),(801,75,601,2),(802,75,299,3),(803,75,602,4),(804,75,58,5),(805,75,603,6),(806,75,604,7),(807,75,605,8),(808,75,606,9),(809,75,607,10),(810,75,49,11),(811,75,160,12),(812,76,608,0),(813,76,609,1),(814,76,610,2),(815,76,611,3),(816,76,612,4),(817,76,32,5),(818,76,33,6),(819,76,60,7),(820,76,555,8),(821,76,613,9),(822,76,614,10),(823,76,615,11),(824,77,616,0),(825,77,617,1),(826,77,618,2),(827,77,619,3),(828,77,620,4),(829,78,616,0),(830,78,445,1),(831,78,621,2),(832,78,622,3),(833,79,623,0),(834,79,624,1),(835,79,625,2),(836,79,626,3),(837,79,627,4),(838,79,591,5),(839,79,628,6),(840,79,629,7),(841,79,630,8),(842,80,32,0),(843,80,106,1),(844,80,70,2),(845,80,292,3),(846,80,631,4),(847,80,632,5),(848,80,62,6),(849,81,633,0),(850,81,634,1),(851,81,62,2),(852,81,635,3),(853,82,636,0),(854,82,124,1),(855,82,637,2),(856,82,638,3),(857,82,639,4),(858,82,6,5),(859,82,106,6),(860,82,640,7),(861,83,641,0),(862,83,642,1),(863,83,643,2),(864,83,644,3),(865,83,62,4),(866,84,436,0),(867,84,645,1),(868,84,646,2),(869,84,647,3),(870,84,648,4),(871,84,335,5),(872,84,649,6),(873,84,650,7),(874,84,445,8),(875,84,114,9),(876,84,651,10),(877,84,652,11),(878,84,653,12),(879,84,654,13),(880,85,655,0),(881,85,656,1),(882,85,587,2),(883,87,657,0),(884,87,658,1),(885,87,659,2),(886,87,660,3),(887,88,32,0),(888,88,290,1),(889,88,661,2),(890,88,662,3),(891,88,124,4),(892,88,663,5),(893,88,664,6),(894,88,665,7),(895,88,666,8),(896,88,667,9),(897,88,668,10),(898,88,62,11),(899,88,669,12),(900,88,164,13),(901,88,670,14),(902,88,671,15),(903,89,32,0),(904,89,672,1),(905,89,673,2),(906,89,366,3),(907,89,156,4),(908,89,674,5),(909,90,71,0),(910,90,16,1),(911,90,675,2),(912,90,646,3),(913,90,676,4),(914,90,48,5),(915,90,677,6),(916,91,678,0),(917,91,679,1),(918,91,541,2),(919,91,680,3),(920,91,520,4),(921,91,681,5),(922,91,682,6),(923,91,683,7),(924,91,684,8),(925,91,685,9),(926,92,479,0),(927,92,464,1),(928,92,686,2),(929,92,6,3),(930,92,687,4),(931,92,688,5),(932,92,60,6),(933,92,689,7),(934,93,690,0),(935,93,6,1),(936,93,16,2),(937,93,124,3),(938,93,691,4),(939,93,692,5),(940,93,564,6),(941,93,693,7),(942,93,646,8),(943,93,201,9),(944,93,694,10),(945,93,695,11),(946,94,696,0),(947,94,697,1),(948,94,698,2),(949,94,62,3),(950,96,32,0),(951,96,106,1),(952,96,522,2),(953,96,699,3),(954,96,124,4),(955,96,700,5),(956,96,701,6),(957,98,702,0),(958,98,703,1),(959,98,704,2),(960,98,107,3),(961,98,383,4),(962,98,705,5),(963,98,62,6),(964,98,706,7),(965,98,221,8),(966,98,707,9),(967,99,708,0),(968,99,62,1),(969,100,709,0),(970,100,17,1),(971,100,304,2),(972,100,251,3),(973,100,710,4),(974,100,711,5),(975,100,712,6),(976,100,713,7),(977,100,62,8),(978,101,714,0),(979,101,715,1),(980,101,716,2),(981,101,256,3),(982,101,60,4),(983,101,717,5),(984,101,718,6),(985,101,719,7),(986,101,720,8),(987,101,721,9),(988,101,722,10),(989,101,723,11),(990,101,8,12),(991,101,724,13),(992,101,723,14),(993,102,725,0),(994,102,726,1),(995,102,727,2),(996,102,728,3),(997,102,729,4),(998,102,730,5),(999,102,731,6),(1000,102,62,7),(1001,103,32,0),(1002,103,732,1),(1003,103,733,2),(1004,103,734,3),(1005,103,735,4),(1006,103,736,5),(1007,103,295,6),(1008,103,240,7),(1009,103,241,8),(1010,104,737,0),(1011,104,738,1),(1012,104,32,2),(1013,104,33,3),(1014,104,310,4),(1015,104,361,5),(1016,104,739,6),(1017,104,6,7),(1018,104,740,8),(1019,104,741,9),(1020,105,742,0),(1021,105,158,1),(1022,105,743,2),(1023,105,126,3),(1024,105,202,4),(1025,105,201,5),(1026,105,744,6),(1027,105,501,7),(1028,105,745,8),(1029,106,32,0),(1030,106,71,1),(1031,106,541,2),(1032,106,746,3),(1033,106,124,4),(1034,106,290,5),(1035,106,487,6),(1036,106,325,7),(1037,106,747,8),(1038,106,748,9),(1039,106,749,10),(1040,106,750,11),(1041,106,751,12),(1042,106,752,13),(1043,106,753,14),(1044,107,754,0),(1045,107,755,1),(1046,107,756,2),(1047,107,757,3),(1048,108,32,0),(1049,108,106,1),(1050,108,16,2),(1051,108,758,3),(1052,108,395,4),(1053,108,124,5),(1054,108,645,6),(1055,108,759,7),(1056,108,156,8),(1057,108,760,9),(1058,108,761,10),(1059,108,62,11),(1060,109,762,0),(1061,109,763,1),(1062,109,511,2),(1063,109,764,3),(1064,109,106,4),(1065,109,765,5),(1066,109,123,6),(1067,109,766,7),(1068,109,431,8),(1069,109,767,9),(1070,109,411,10),(1071,109,768,11),(1072,109,769,12),(1073,109,770,13),(1074,109,771,14),(1075,110,772,0),(1076,110,773,1),(1077,110,774,2),(1078,110,32,3),(1079,110,106,4),(1080,110,16,5),(1081,111,775,0),(1082,111,564,1),(1083,111,32,2),(1084,111,776,3),(1085,111,777,4),(1086,111,778,5),(1087,111,779,6),(1088,111,780,7),(1089,112,781,0),(1090,112,6,1),(1091,112,782,2),(1092,112,783,3),(1093,112,784,4),(1094,112,785,5),(1095,112,786,6),(1096,112,787,7),(1097,112,28,8),(1098,112,788,9),(1099,112,789,10),(1100,112,790,11),(1101,113,274,0),(1102,113,457,1),(1103,113,277,2),(1104,113,278,3),(1105,113,791,4),(1106,113,792,5),(1107,113,793,6),(1108,113,541,7),(1109,113,794,8),(1110,113,304,9),(1111,113,795,10),(1112,114,32,0),(1113,114,796,1),(1114,114,411,2),(1115,114,47,3),(1116,114,797,4),(1117,114,798,5),(1118,114,799,6),(1119,114,62,7),(1120,115,296,0),(1121,115,800,1),(1122,115,801,2),(1123,115,802,3),(1124,115,803,4),(1125,115,804,5),(1126,115,805,6),(1127,115,205,7),(1128,115,667,8),(1129,115,806,9),(1130,115,156,10),(1131,115,807,11),(1132,116,32,0),(1133,116,106,1),(1134,116,808,2),(1135,116,16,3),(1136,116,809,4),(1137,116,810,5),(1138,116,160,6),(1139,116,751,7),(1140,116,811,8),(1141,116,812,9),(1142,116,813,10),(1143,116,58,11),(1144,116,814,12),(1145,116,815,13),(1146,116,816,14),(1147,116,817,15),(1148,116,299,16),(1149,116,123,17),(1150,116,818,18),(1151,116,819,19),(1152,116,620,20),(1153,117,820,0),(1154,117,304,1),(1155,117,821,2),(1156,117,101,3),(1157,117,102,4),(1158,117,822,5),(1159,117,823,6),(1160,117,824,7),(1161,117,97,8),(1162,117,825,9),(1163,117,826,10),(1164,117,768,11),(1165,117,827,12),(1166,117,787,13),(1167,117,229,14),(1168,117,828,15),(1169,119,829,0),(1170,119,564,1),(1171,119,830,2),(1172,119,831,3),(1173,119,832,4),(1174,119,555,5),(1175,119,833,6),(1176,119,652,7),(1177,119,834,8),(1178,119,835,9),(1179,119,836,10),(1180,120,296,0),(1181,120,770,1),(1182,120,756,2),(1183,120,837,3),(1184,120,838,4),(1185,121,839,0),(1186,121,840,1),(1187,121,841,2),(1188,121,842,3),(1189,121,843,4),(1190,121,844,5),(1191,121,6,6),(1192,121,124,7),(1193,121,764,8),(1194,121,845,9),(1195,121,846,10),(1196,121,847,11),(1197,121,724,12),(1198,121,848,13),(1199,121,849,14),(1200,121,850,15),(1201,121,851,16),(1202,122,304,0),(1203,123,852,0),(1204,123,853,1),(1205,123,411,2),(1206,123,854,3),(1207,123,855,4),(1208,123,32,5),(1209,123,856,6),(1210,123,857,7),(1211,123,858,8),(1212,123,859,9),(1213,123,6,10),(1214,124,304,0),(1215,124,332,1),(1216,124,860,2),(1217,124,861,3),(1218,124,862,4),(1219,124,863,5),(1220,124,864,6),(1221,124,865,7),(1222,124,866,8),(1223,124,867,9),(1224,124,32,10),(1225,124,106,11),(1226,125,868,0),(1227,125,724,1),(1228,125,288,2),(1229,125,702,3),(1230,125,356,4),(1231,125,869,5),(1232,125,870,6),(1233,125,871,7),(1234,125,872,8),(1235,125,873,9),(1236,125,868,10),(1237,125,874,11),(1238,125,875,12),(1239,125,361,13),(1240,125,876,14),(1241,125,877,15),(1242,125,787,16),(1243,125,878,17),(1244,125,434,18),(1245,126,879,0),(1246,126,880,1),(1247,126,881,2),(1248,126,882,3),(1249,126,883,4),(1250,126,884,5),(1251,126,885,6),(1252,126,886,7),(1253,126,887,8),(1254,126,888,9),(1255,126,889,10),(1256,126,890,11),(1257,126,891,12),(1258,126,892,13),(1259,127,81,0),(1260,127,785,1),(1261,127,893,2),(1262,127,894,3),(1263,127,895,4),(1264,127,896,5),(1265,127,897,6),(1266,128,898,0),(1267,128,106,1),(1268,128,32,2),(1269,128,899,3),(1270,128,900,4),(1271,128,62,5),(1272,128,901,6),(1273,128,902,7),(1274,128,257,8),(1275,128,47,9),(1276,128,620,10),(1277,129,903,0),(1278,129,32,1),(1279,129,395,2),(1280,129,904,3),(1281,129,445,4),(1282,129,905,5),(1283,129,906,6),(1284,129,907,7),(1285,129,908,8),(1286,130,156,0),(1287,130,909,1),(1288,130,910,2),(1289,130,911,3),(1290,130,62,4),(1291,131,912,0),(1292,131,913,1),(1293,132,914,0),(1294,132,915,1),(1295,132,916,2),(1296,132,917,3),(1297,132,918,4),(1298,132,62,5),(1299,133,919,0),(1300,133,920,1),(1301,133,921,2),(1302,133,922,3),(1303,134,32,0),(1304,134,16,1),(1305,134,292,2),(1306,135,923,0),(1307,135,32,1),(1308,135,106,2),(1309,135,411,3),(1310,135,64,4),(1311,135,924,5),(1312,135,347,6),(1313,135,925,7),(1314,135,926,8),(1315,135,927,9),(1316,135,928,10),(1317,136,511,0),(1318,136,288,1),(1319,136,357,2),(1320,136,356,3),(1321,136,296,4),(1322,136,756,5),(1323,136,929,6),(1324,136,123,7),(1325,137,47,0),(1326,137,8,1),(1327,138,930,0),(1328,138,843,1),(1329,138,32,2),(1330,138,931,3),(1331,139,821,0),(1332,139,932,1),(1333,139,933,2),(1334,139,934,3),(1335,139,649,4),(1336,139,935,5),(1337,139,32,6),(1338,139,936,7),(1339,139,857,8),(1340,139,128,9),(1341,139,937,10),(1342,140,6,0),(1343,140,661,1),(1344,140,938,2),(1345,141,939,0),(1346,141,940,1),(1347,141,347,2),(1348,141,941,3),(1349,141,942,4),(1350,141,288,5),(1351,141,32,6),(1352,141,33,7),(1353,141,943,8),(1354,141,944,9),(1355,141,945,10),(1356,141,62,11),(1357,141,745,12),(1358,141,564,13),(1359,142,946,0),(1360,142,47,1),(1361,142,947,2),(1362,142,436,3),(1363,142,3,4),(1364,143,286,0),(1365,143,8,1),(1366,143,32,2),(1367,143,106,3),(1368,143,948,4),(1369,143,6,5),(1370,143,106,6),(1371,143,949,7),(1372,143,950,8),(1373,143,155,9),(1374,143,951,10),(1375,143,952,11),(1376,143,114,12),(1377,144,857,0),(1378,144,6,1),(1379,144,953,2),(1380,144,954,3),(1381,144,955,4),(1382,144,956,5),(1383,144,6,6),(1384,145,957,0),(1385,145,958,1),(1386,145,959,2),(1387,145,960,3),(1388,145,961,4),(1389,145,471,5),(1390,145,60,6),(1391,145,962,7),(1392,145,464,8),(1393,145,963,9),(1394,146,287,0),(1395,146,964,1),(1396,146,965,2),(1397,146,966,3),(1398,146,967,4),(1399,146,968,5),(1400,146,968,6),(1401,146,367,7),(1402,146,969,8),(1403,146,64,9),(1404,146,47,10),(1405,147,970,0),(1406,147,472,1),(1407,147,32,2),(1408,147,201,3),(1409,147,971,4),(1410,147,972,5),(1411,147,973,6),(1412,147,974,7),(1413,147,975,8),(1414,147,976,9),(1415,147,977,10),(1416,148,978,0),(1417,148,979,1),(1418,148,927,2),(1419,148,980,3),(1420,148,981,4),(1421,148,436,5),(1422,148,555,6),(1423,148,982,7),(1424,148,983,8),(1425,148,984,9),(1426,148,979,10),(1427,148,985,11),(1428,148,986,12),(1429,148,987,13),(1430,148,988,14),(1431,148,989,15),(1432,149,990,0),(1433,149,64,1),(1434,149,411,2),(1435,149,991,3),(1436,149,511,4),(1437,149,992,5),(1438,149,993,6),(1439,149,994,7),(1440,149,995,8),(1441,150,356,0),(1442,150,996,1),(1443,150,197,2),(1444,150,177,3),(1445,150,997,4),(1446,150,998,5),(1447,150,999,6),(1448,150,1000,7),(1449,151,1001,0),(1450,151,1002,1),(1451,151,1003,2),(1452,151,1004,3),(1453,151,1005,4),(1454,151,1006,5),(1455,151,1007,6),(1456,151,1008,7),(1457,151,156,8),(1458,151,1009,9),(1459,152,1010,0),(1460,152,310,1),(1461,152,1010,2),(1462,152,1011,3),(1463,152,544,4),(1464,152,47,5),(1465,152,555,6),(1466,152,1012,7),(1467,152,62,8),(1468,153,1013,0),(1469,153,1014,1),(1470,153,62,2),(1471,153,1015,3),(1472,153,1016,4),(1473,153,511,5),(1474,153,164,6),(1475,153,1017,7),(1476,153,1018,8),(1477,153,1019,9),(1478,153,1020,10),(1479,154,47,0),(1480,154,8,1),(1481,154,32,2),(1482,154,922,3),(1483,154,1021,4),(1484,154,124,5),(1485,154,1022,6),(1486,154,809,7),(1487,154,810,8),(1488,154,160,9),(1489,155,1023,0),(1490,155,15,1),(1491,155,821,2),(1492,155,158,3),(1493,155,832,4),(1494,155,6,5),(1495,155,821,6),(1496,155,1024,7),(1497,155,1025,8),(1498,155,1026,9),(1499,156,1027,0),(1500,156,1028,1),(1501,156,310,2),(1502,156,6,3),(1503,156,1029,4),(1504,156,124,5),(1505,156,1030,6),(1506,157,785,0),(1507,157,1031,1),(1508,157,847,2),(1509,157,1032,3),(1510,157,149,4),(1511,157,18,5),(1512,157,129,6),(1513,157,44,7),(1514,157,130,8),(1515,158,1033,0),(1516,158,1034,1),(1517,158,1035,2),(1518,158,1036,3),(1519,158,1037,4),(1520,158,1038,5),(1521,158,1039,6),(1522,158,651,7),(1523,158,866,8),(1524,158,651,9),(1525,159,1040,0),(1526,159,6,1),(1527,159,800,2),(1528,159,544,3),(1529,160,1041,0),(1530,160,37,1),(1531,160,1042,2),(1532,160,1043,3),(1533,160,1044,4),(1534,160,1042,5),(1535,160,1045,6),(1536,160,1046,7),(1537,160,51,8),(1538,160,1047,9),(1539,160,1048,10),(1540,160,1049,11),(1541,160,1050,12),(1542,160,150,13),(1543,160,745,14),(1544,161,106,0),(1545,161,32,1),(1546,161,8,2),(1547,161,1051,3),(1548,161,1052,4),(1549,161,1053,5),(1550,161,1054,6),(1551,161,479,7),(1552,161,464,8),(1553,161,1055,9),(1554,162,116,0),(1555,162,645,1),(1556,162,646,2),(1557,162,1056,3),(1558,162,123,4),(1559,162,1057,5),(1560,162,665,6),(1561,162,302,7),(1562,162,1058,8),(1563,162,1059,9),(1564,162,1060,10),(1565,163,1061,0),(1566,163,1062,1),(1567,163,541,2),(1568,163,1063,3),(1569,163,1064,4),(1570,163,1065,5),(1571,163,1066,6),(1572,163,927,7),(1573,163,927,8),(1574,163,1067,9),(1575,163,374,10),(1576,163,1068,11),(1577,164,76,0),(1578,164,299,1),(1579,164,1069,2),(1580,164,120,3),(1581,164,1070,4),(1582,164,1071,5),(1583,164,356,6),(1584,164,1072,7),(1585,164,1073,8),(1586,164,1074,9),(1587,164,1075,10),(1588,164,1076,11),(1589,164,6,12),(1590,164,520,13),(1591,165,1077,0),(1592,165,1078,1),(1593,165,1079,2),(1594,166,107,0),(1595,166,1080,1),(1596,166,1081,2),(1597,166,1082,3),(1598,166,1083,4),(1599,166,1084,5),(1600,166,1085,6),(1601,166,1086,7),(1602,166,1087,8),(1603,166,725,9),(1604,166,654,10),(1605,166,1088,11),(1606,166,1089,12),(1607,166,257,13),(1608,166,725,14),(1609,166,1090,15),(1610,166,1091,16),(1611,167,1092,0),(1612,167,758,1),(1613,167,1093,2),(1614,167,219,3),(1615,167,32,4),(1616,167,16,5),(1617,167,6,6),(1618,167,124,7),(1619,167,1094,8),(1620,168,32,0),(1621,168,106,1),(1622,168,110,2),(1623,168,1095,3),(1624,168,984,4),(1625,168,411,5),(1626,169,444,0),(1627,169,6,1),(1628,169,1096,2),(1629,170,1031,0),(1630,170,1097,1),(1631,170,1098,2),(1632,170,1099,3),(1633,170,1100,4),(1634,170,1101,5),(1635,170,62,6),(1636,171,773,0),(1637,171,71,1),(1638,171,32,2),(1639,171,1036,3),(1640,171,1102,4),(1641,171,1103,5),(1642,171,494,6),(1643,172,156,0),(1644,172,1104,1),(1645,172,1105,2),(1646,173,32,0),(1647,173,773,1),(1648,173,71,2),(1649,173,487,3),(1650,173,126,4),(1651,173,1106,5),(1652,173,1107,6),(1653,173,1108,7),(1654,173,1109,8),(1655,173,1110,9),(1656,173,1111,10),(1657,174,32,0),(1658,174,1112,1),(1659,174,23,2),(1660,174,1113,3),(1661,174,71,4),(1662,174,1114,5),(1663,174,1115,6),(1664,174,1116,7),(1665,175,32,0),(1666,175,1117,1),(1667,175,1118,2),(1668,175,1119,3),(1669,175,588,4),(1670,175,1120,5),(1671,175,1121,6),(1672,175,293,7),(1673,175,1122,8),(1674,175,1123,9),(1675,175,155,10),(1676,175,1124,11),(1677,175,62,12),(1678,176,1125,0),(1679,176,1126,1),(1680,176,156,2),(1681,176,62,3),(1682,177,6,0),(1683,177,340,1),(1684,177,6,2),(1685,177,1127,3),(1686,177,47,4),(1687,177,1128,5),(1688,177,1129,6),(1689,178,290,0),(1690,178,1024,1),(1691,178,1130,2),(1692,178,1131,3),(1693,178,1132,4),(1694,178,1133,5),(1695,178,1134,6),(1696,178,66,7),(1697,178,32,8),(1698,178,555,9),(1699,178,1031,10),(1700,178,6,11),(1701,178,1135,12),(1702,178,1136,13),(1703,179,1137,0),(1704,179,431,1),(1705,179,1138,2),(1706,179,1139,3),(1707,179,1140,4),(1708,179,1092,5),(1709,180,1141,0),(1710,180,1142,1),(1711,180,764,2),(1712,180,1143,3),(1713,180,1144,4),(1714,180,1145,5),(1715,180,1145,6),(1716,181,1146,0),(1717,181,1147,1),(1718,181,1148,2),(1719,181,1149,3),(1720,181,5,4),(1721,181,1150,5),(1722,181,1151,6),(1723,181,1152,7),(1724,181,1153,8),(1725,181,768,9),(1726,181,1154,10),(1727,181,1155,11),(1728,182,106,0),(1729,182,1156,1),(1730,182,1093,2),(1731,182,1157,3),(1732,182,1158,4),(1733,182,6,5),(1734,182,1159,6),(1735,182,1160,7),(1736,182,1161,8),(1737,182,1162,9),(1738,183,1163,0),(1739,183,1164,1),(1740,183,106,2),(1741,183,1165,3),(1742,184,106,0),(1743,184,1166,1),(1744,184,1167,2),(1745,184,230,3),(1746,184,299,4),(1747,184,57,5),(1748,184,1168,6),(1749,184,60,7),(1750,184,1081,8),(1751,185,155,0),(1752,185,1169,1),(1753,185,62,2),(1754,186,6,0),(1755,186,1170,1),(1756,186,1171,2),(1757,186,1172,3),(1758,186,1173,4),(1759,186,1174,5),(1760,186,17,6),(1761,186,1175,7),(1762,186,41,8),(1763,186,1176,9),(1764,187,1177,0),(1765,187,920,1),(1766,187,1132,2),(1767,187,64,3),(1768,187,1013,4),(1769,187,1178,5),(1770,187,1179,6),(1771,187,6,7),(1772,187,1180,8),(1773,187,1181,9),(1774,187,1182,10),(1775,187,1183,11),(1776,188,764,0),(1777,188,32,1),(1778,188,106,2),(1779,188,288,3),(1780,188,1184,4),(1781,188,6,5),(1782,188,124,6),(1783,188,1185,7),(1784,188,125,8),(1785,188,126,9),(1786,189,373,0),(1787,189,1186,1),(1788,189,862,2),(1789,189,1187,3),(1790,189,1188,4),(1791,189,1189,5),(1792,189,1159,6),(1793,189,1190,7),(1794,189,1157,8),(1795,189,1191,9),(1796,189,62,10),(1797,190,1192,0),(1798,190,1193,1),(1799,190,940,2),(1800,190,1194,3),(1801,190,71,4),(1802,190,1195,5),(1803,190,1196,6),(1804,190,1197,7),(1805,190,47,8),(1806,191,32,0),(1807,191,356,1),(1808,191,1198,2),(1809,191,1199,3),(1810,191,646,4),(1811,191,1200,5),(1812,191,793,6),(1813,191,927,7),(1814,191,1125,8),(1815,191,51,9),(1816,192,32,0),(1817,192,1201,1),(1818,192,1202,2),(1819,192,299,3),(1820,192,1203,4),(1821,192,1204,5),(1822,192,1205,6),(1823,192,398,7),(1824,192,1206,8),(1825,192,1207,9),(1826,192,62,10),(1827,193,1208,0),(1828,193,1209,1),(1829,193,1208,2),(1830,193,1210,3),(1831,193,62,4),(1832,194,543,0),(1833,194,6,1),(1834,194,1211,2),(1835,194,156,3),(1836,194,1212,4),(1837,194,295,5),(1838,195,1213,0),(1839,195,6,1),(1840,195,124,2),(1841,195,32,3),(1842,195,1214,4),(1843,195,62,5),(1844,195,47,6),(1845,195,114,7),(1846,196,1215,0),(1847,196,62,1),(1848,196,1216,2),(1849,196,1217,3),(1850,196,1218,4),(1851,196,1219,5),(1852,196,1220,6),(1853,196,1221,7),(1854,197,628,0),(1855,197,70,1),(1856,197,7,2),(1857,197,114,3),(1858,197,398,4),(1859,197,1217,5),(1860,197,1222,6),(1861,197,1223,7),(1862,197,1224,8),(1863,197,62,9),(1864,198,1225,0),(1865,198,161,1),(1866,198,1226,2),(1867,198,1227,3),(1868,198,219,4),(1869,198,32,5),(1870,198,16,6),(1871,198,758,7),(1872,198,927,8),(1873,198,1228,9),(1874,198,768,10),(1875,198,8,11),(1876,199,57,0),(1877,199,1170,1),(1878,199,1222,2),(1879,199,1223,3),(1880,199,1229,4),(1881,199,256,5),(1882,199,1230,6),(1883,199,1231,7),(1884,199,1232,8),(1885,199,62,9),(1886,201,32,0),(1887,201,1196,1),(1888,201,114,2),(1889,201,1233,3),(1890,201,1234,4),(1891,201,129,5),(1892,201,1235,6),(1893,201,809,7),(1894,201,1236,8),(1895,201,51,9),(1896,201,1237,10),(1897,201,1238,11),(1898,202,47,0),(1899,202,1239,1),(1900,202,1240,2),(1901,202,1241,3),(1902,202,1242,4),(1903,202,1243,5),(1904,202,1244,6),(1905,202,1245,7),(1906,202,1246,8),(1907,202,1247,9),(1908,203,32,0),(1909,203,106,1),(1910,203,16,2),(1911,203,758,3),(1912,203,1248,4),(1913,203,1249,5),(1914,203,1248,6),(1915,203,1250,7),(1916,203,1251,8),(1917,204,1252,0),(1918,204,1253,1),(1919,204,398,2),(1920,204,1254,3),(1921,205,616,0),(1922,205,44,1),(1923,205,32,2),(1924,205,106,3),(1925,205,1255,4),(1926,205,1256,5),(1927,205,1257,6),(1928,205,1258,7),(1929,205,1259,8),(1930,205,1260,9),(1931,205,62,10),(1932,206,123,0),(1933,206,1125,1),(1934,206,1261,2),(1935,206,93,3),(1936,206,1262,4),(1937,207,1263,0),(1938,207,1264,1),(1939,207,112,2),(1940,207,93,3),(1941,207,1263,4),(1942,208,1265,0),(1943,208,1266,1),(1944,208,1267,2),(1945,208,1268,3),(1946,208,1269,4),(1947,208,864,5),(1948,208,1270,6),(1949,208,1271,7),(1950,208,6,8),(1951,208,106,9),(1952,208,1272,10),(1953,208,1273,11),(1954,208,126,12),(1955,209,6,0),(1956,209,1274,1),(1957,209,1275,2),(1958,209,1276,3),(1959,209,1277,4),(1960,209,1278,5),(1961,210,847,0),(1962,210,1279,1),(1963,210,1280,2),(1964,210,1281,3),(1965,210,6,4),(1966,210,1282,5),(1967,210,1283,6),(1968,210,1267,7),(1969,210,1284,8),(1970,211,1285,0),(1971,211,1286,1),(1972,211,1287,2),(1973,212,1284,0),(1974,212,1287,1),(1975,212,8,2),(1976,212,112,3),(1977,212,93,4),(1978,212,1288,5),(1979,213,35,0),(1980,213,1289,1),(1981,213,1290,2),(1982,213,1291,3),(1983,213,1292,4),(1984,213,304,5),(1985,213,1293,6),(1986,213,1294,7),(1987,213,28,8),(1988,214,1295,0),(1989,214,1296,1),(1990,214,337,2),(1991,214,1297,3),(1992,214,37,4),(1993,214,1298,5),(1994,214,65,6),(1995,214,1299,7),(1996,214,1300,8),(1997,214,1301,9),(1998,215,927,0),(1999,215,1302,1),(2000,215,768,2),(2001,215,1303,3),(2002,215,124,4),(2003,215,1304,5),(2004,215,1276,6),(2005,215,1305,7),(2006,215,1306,8),(2007,215,1159,9),(2008,215,810,10),(2009,215,1307,11),(2010,215,398,12),(2011,215,1308,13),(2012,215,1309,14),(2013,215,434,15),(2014,215,1310,16),(2015,216,32,0),(2016,216,1311,1),(2017,216,1312,2),(2018,216,62,3),(2019,216,1313,4),(2020,217,1314,0),(2021,217,1315,1),(2022,217,1316,2),(2023,217,62,3),(2024,217,1317,4),(2025,217,1318,5),(2026,218,1319,0),(2027,218,1320,1),(2028,218,1321,2),(2029,218,764,3),(2030,218,1322,4),(2031,218,288,5),(2032,218,1323,6),(2033,218,1324,7),(2034,218,62,8),(2035,219,844,0),(2036,219,1325,1),(2037,219,257,2),(2038,219,1326,3),(2039,219,793,4),(2040,219,1327,5),(2041,219,1328,6),(2042,220,1267,0),(2043,220,1284,1),(2044,220,1329,2),(2045,220,32,3),(2046,220,156,4),(2047,220,1330,5),(2048,220,62,6),(2049,221,119,0),(2050,221,1331,1),(2051,221,285,2),(2052,221,47,3),(2053,221,1332,4),(2054,221,1333,5),(2055,221,106,6),(2056,221,1334,7),(2057,221,1175,8),(2058,221,41,9),(2059,221,1335,10),(2060,221,1336,11),(2061,221,6,12),(2062,222,1337,0),(2063,222,126,1),(2064,222,1338,2),(2065,222,1339,3),(2066,222,1340,4),(2067,222,1341,5),(2068,222,1342,6),(2069,222,1343,7),(2070,222,158,8),(2071,222,661,9),(2072,222,32,10),(2073,222,1344,11),(2074,222,1345,12),(2075,223,304,0),(2076,223,1346,1),(2077,223,1347,2),(2078,223,1348,3),(2079,224,65,0),(2080,224,1349,1),(2081,224,6,2),(2082,224,1350,3),(2083,224,1351,4),(2084,224,912,5),(2085,224,1352,6),(2086,224,65,7),(2087,224,62,8),(2088,224,477,9),(2089,224,93,10),(2090,224,1353,11),(2091,225,1354,0),(2092,225,1355,1),(2093,225,32,2),(2094,225,1356,3),(2095,225,6,4),(2096,225,331,5),(2097,225,1357,6),(2098,225,1276,7),(2099,225,1358,8),(2100,225,1359,9),(2101,226,709,0),(2102,226,873,1),(2103,226,17,2),(2104,226,1360,3),(2105,226,1361,4),(2106,226,106,5),(2107,227,1362,0),(2108,227,1363,1),(2109,227,497,2),(2110,227,1364,3),(2111,227,1333,4),(2112,227,1365,5),(2113,227,367,6),(2114,227,1366,7),(2115,227,152,8),(2116,227,1367,9),(2117,227,1107,10),(2118,227,602,11),(2119,227,1368,12),(2120,227,1369,13),(2121,227,628,14),(2122,227,1370,15),(2123,227,138,16),(2124,227,1371,17),(2125,227,1362,18),(2126,228,1280,0),(2127,228,487,1),(2128,228,126,2),(2129,228,1372,3),(2130,228,1373,4),(2131,228,1374,5),(2132,228,1375,6),(2133,229,902,0),(2134,229,257,1),(2135,229,340,2),(2136,229,155,3),(2137,229,282,4),(2138,229,1376,5),(2139,229,1377,6),(2140,229,112,7),(2141,229,93,8),(2142,229,1378,9),(2143,230,1379,0),(2144,230,1380,1),(2145,230,32,2),(2146,230,110,3),(2147,230,589,4),(2148,230,221,5),(2149,230,290,6),(2150,230,1381,7),(2151,230,1382,8),(2152,230,22,9),(2153,230,1383,10),(2154,230,501,11),(2155,230,386,12),(2156,230,1384,13),(2157,230,503,14),(2158,230,1385,15),(2159,231,1287,0),(2160,231,1267,1),(2161,231,1386,2),(2162,231,6,3),(2163,231,106,4),(2164,231,1387,5),(2165,231,1388,6),(2166,231,1389,7),(2167,232,1390,0),(2168,232,1361,1),(2169,232,32,2),(2170,232,106,3),(2171,232,1391,4),(2172,232,1392,5),(2173,233,15,0),(2174,233,1393,1),(2175,233,1394,2),(2176,233,1092,3),(2177,233,1395,4),(2178,233,1396,5),(2179,233,1397,6),(2180,233,1398,7),(2181,233,1399,8),(2182,233,93,9),(2183,233,1400,10),(2184,234,1265,0),(2185,234,1307,1),(2186,234,1401,2),(2187,234,1287,3),(2188,234,106,4),(2189,234,32,5),(2190,234,1402,6),(2191,234,1403,7),(2192,234,1404,8),(2193,234,1405,9),(2194,234,51,10),(2195,234,8,11),(2196,234,49,12),(2197,235,16,0),(2198,235,71,1),(2199,235,690,2),(2200,235,1406,3),(2201,235,201,4),(2202,235,1407,5),(2203,235,1408,6),(2204,235,1409,7),(2205,235,1410,8),(2206,235,1411,9),(2207,235,383,10),(2208,235,156,11),(2209,235,1104,12),(2210,235,1412,13),(2211,236,1413,0),(2212,236,768,1),(2213,236,1414,2),(2214,236,1415,3),(2215,236,1416,4),(2216,236,1417,5),(2217,236,1418,6),(2218,236,1217,7),(2219,236,1419,8),(2220,236,1420,9),(2221,236,93,10),(2222,236,1421,11),(2223,237,1287,0),(2224,237,1284,1),(2225,237,8,2),(2226,237,112,3),(2227,237,93,4),(2228,237,1422,5),(2229,238,1267,0),(2230,238,1284,1),(2231,238,1287,2),(2232,238,556,3),(2233,238,1423,4),(2234,238,1424,5),(2235,238,6,6),(2236,238,124,7),(2237,238,775,8),(2238,238,374,9),(2239,238,418,10),(2240,238,556,11),(2241,238,347,12),(2242,238,1425,13),(2243,238,32,14),(2244,238,1426,15),(2245,238,1284,16),(2246,238,1427,17),(2247,238,114,18),(2248,238,1428,19),(2249,238,1429,20),(2250,239,1430,0),(2251,239,1431,1),(2252,239,1432,2),(2253,239,1241,3),(2254,239,704,4),(2255,239,787,5),(2256,239,6,6),(2257,239,1433,7),(2258,239,1337,8),(2259,239,591,9),(2260,239,1434,10),(2261,239,1435,11),(2262,239,112,12),(2263,239,93,13),(2264,239,1436,14),(2265,240,1437,0),(2266,240,1438,1),(2267,240,6,2),(2268,240,110,3),(2269,240,1439,4),(2270,241,1440,0),(2271,241,1287,1),(2272,241,1441,2),(2273,241,16,3),(2274,241,177,4),(2275,241,1442,5),(2276,242,1443,0),(2277,242,1444,1),(2278,242,1445,2),(2279,242,1446,3),(2280,242,485,4),(2281,242,163,5),(2282,242,164,6),(2283,242,1447,7),(2284,243,356,0),(2285,243,6,1),(2286,243,304,2),(2287,243,1448,3),(2288,243,114,4),(2289,243,1449,5),(2290,243,1450,6),(2291,244,32,0),(2292,244,833,1),(2293,244,1451,2),(2294,244,129,3),(2295,244,1452,4),(2296,244,1453,5),(2297,244,108,6),(2298,244,1454,7),(2299,244,1455,8),(2300,244,756,9),(2301,244,1456,10),(2302,244,1457,11),(2303,244,97,12),(2304,244,1458,13),(2305,245,1459,0),(2306,245,332,1),(2307,245,72,2),(2308,245,444,3),(2309,245,1460,4),(2310,245,185,5),(2311,245,186,6),(2312,245,187,7),(2313,245,1461,8),(2314,245,398,9),(2315,245,1462,10),(2316,245,1463,11),(2317,246,902,0),(2318,246,257,1),(2319,246,1464,2),(2320,246,110,3),(2321,246,1465,4),(2322,246,119,5),(2323,246,1170,6),(2324,246,1466,7),(2325,246,1467,8),(2326,246,1468,9),(2327,246,1469,10),(2328,246,503,11),(2329,247,304,0),(2330,247,6,1),(2331,247,106,2),(2332,247,120,3),(2333,247,356,4),(2334,247,304,5),(2335,247,1470,6),(2336,247,114,7),(2337,247,479,8),(2338,247,464,9),(2339,247,1471,10),(2340,247,1472,11),(2341,247,177,12),(2342,247,1473,13),(2343,248,1474,0),(2344,248,1474,1),(2345,248,299,2),(2346,248,1475,3),(2347,248,62,4),(2348,248,1476,5),(2349,248,177,6),(2350,248,1477,7),(2351,248,407,8),(2352,248,1478,9),(2353,248,32,10),(2354,248,1479,11),(2355,248,1480,12),(2356,248,1481,13),(2357,248,1482,14),(2358,248,1483,15),(2359,248,1484,16),(2360,248,1485,17),(2361,249,1190,0),(2362,249,1157,1),(2363,249,8,2),(2364,249,1486,3),(2365,249,398,4),(2366,249,156,5),(2367,249,1487,6),(2368,249,295,7),(2369,249,1488,8),(2370,249,321,9),(2371,249,1487,10),(2372,250,1489,0),(2373,250,1490,1),(2374,250,1491,2),(2375,250,398,3),(2376,250,1492,4),(2377,251,1493,0),(2378,251,1494,1),(2379,251,1495,2),(2380,251,1496,3),(2381,251,1497,4),(2382,251,1493,5),(2383,251,1498,6),(2384,251,1499,7),(2385,252,1326,0),(2386,252,1500,1),(2387,252,1267,2),(2388,252,1268,3),(2389,252,106,4),(2390,252,1501,5),(2391,252,1502,6),(2392,253,1503,0),(2393,253,1504,1),(2394,253,1505,2),(2395,253,6,3),(2396,254,1506,0),(2397,254,1507,1),(2398,254,556,2),(2399,254,110,3),(2400,254,867,4),(2401,254,352,5),(2402,254,840,6),(2403,254,841,7),(2404,254,1508,8),(2405,254,1509,9),(2406,254,1510,10),(2407,254,1511,11),(2408,254,658,12),(2409,254,1512,13),(2410,255,411,0),(2411,255,1513,1),(2412,255,114,2),(2413,256,1514,0),(2414,256,1515,1),(2415,256,1516,2),(2416,257,915,0),(2417,257,1154,1),(2418,258,59,0),(2419,258,1517,1),(2420,258,58,2),(2421,258,480,3),(2422,258,47,4),(2423,259,32,0),(2424,259,1518,1),(2425,259,1519,2),(2426,259,1520,3),(2427,259,71,4),(2428,259,1408,5),(2429,259,1521,6),(2430,259,1522,7),(2431,259,1523,8),(2432,259,93,9),(2433,259,1524,10),(2434,260,32,0),(2435,260,299,1),(2436,260,469,2),(2437,260,1525,3),(2438,260,1526,4),(2439,260,1527,5),(2440,260,1528,6),(2441,260,62,7),(2442,261,32,0),(2443,261,33,1),(2444,261,106,2),(2445,261,1529,3),(2446,261,340,4),(2447,261,341,5),(2448,261,902,6),(2449,261,257,7),(2450,261,340,8),(2451,261,341,9),(2452,261,1530,10),(2453,261,93,11),(2454,261,1531,12),(2455,262,32,0),(2456,262,106,1),(2457,263,112,0),(2458,263,93,1),(2459,263,1532,2),(2460,264,1533,0),(2461,264,1534,1),(2462,264,1535,2),(2463,264,185,3),(2464,264,1536,4),(2465,264,321,5),(2466,264,1537,6),(2467,265,1538,0),(2468,265,1539,1),(2469,266,32,0),(2470,266,106,1),(2471,266,304,2),(2472,266,1086,3),(2473,266,124,4),(2474,266,938,5),(2475,266,1122,6),(2476,266,1540,7),(2477,266,1541,8),(2478,266,1542,9),(2479,266,1543,10),(2480,266,1544,11),(2481,266,1545,12),(2482,268,1478,0),(2483,268,1546,1),(2484,268,257,2),(2485,268,725,3),(2486,268,1287,4),(2487,268,902,5),(2488,268,257,6),(2489,268,411,7),(2490,268,1547,8),(2491,268,1122,9),(2492,268,1078,10),(2493,268,6,11),(2494,268,1284,12),(2495,268,1548,13),(2496,268,1549,14),(2497,268,1550,15),(2498,268,1551,16),(2499,268,6,17),(2500,268,114,18),(2501,268,1287,19),(2502,268,1552,20),(2503,268,1553,21),(2504,268,367,22),(2505,269,350,0),(2506,269,351,1),(2507,269,47,2),(2508,269,1554,3),(2509,269,1555,4),(2510,269,1556,5),(2511,269,1557,6),(2512,269,1558,7),(2513,269,1412,8),(2514,270,32,0),(2515,270,106,1),(2516,270,32,2),(2517,270,1350,3),(2518,270,71,4),(2519,270,291,5),(2520,270,1267,6),(2521,270,1559,7),(2522,270,839,8),(2523,270,840,9),(2524,270,1560,10),(2525,270,1561,11),(2526,270,1562,12),(2527,270,1563,13),(2528,270,93,14),(2529,270,1564,15),(2530,271,47,0),(2531,271,6,1),(2532,271,1565,2),(2533,271,1566,3),(2534,272,522,0),(2535,272,699,1),(2536,272,1567,2),(2537,272,1568,3),(2538,272,1569,4),(2539,272,1570,5),(2540,272,1571,6),(2541,272,1572,7),(2542,272,569,8),(2543,272,1573,9),(2544,273,16,0),(2545,273,70,1),(2546,273,1574,2),(2547,274,288,0),(2548,274,673,1),(2549,274,366,2),(2550,274,124,3),(2551,275,71,0),(2552,275,126,1),(2553,275,541,2),(2554,275,1575,3),(2555,275,124,4),(2556,275,128,5),(2557,275,487,6),(2558,275,1576,7),(2559,275,1067,8),(2560,276,1577,0),(2561,276,1578,1),(2562,276,1579,2),(2563,276,18,3),(2564,276,129,4),(2565,276,6,5),(2566,276,124,6),(2567,276,758,7),(2568,276,126,8),(2569,276,1580,9),(2570,277,32,0),(2571,277,123,1),(2572,277,1581,2),(2573,277,1582,3),(2574,277,1583,4),(2575,277,1584,5),(2576,277,1585,6),(2577,277,1586,7),(2578,277,1587,8),(2579,277,164,9),(2580,277,1588,10),(2581,277,1589,11),(2582,277,1590,12),(2583,277,1591,13),(2584,278,51,0),(2585,278,6,1),(2586,278,1592,2),(2587,278,1159,3),(2588,278,1593,4),(2589,278,1594,5),(2590,278,1595,6),(2591,278,1596,7),(2592,278,457,8),(2593,278,1596,9),(2594,278,1597,10),(2595,278,1598,11),(2596,278,1599,12),(2597,279,1600,0),(2598,279,540,1),(2599,279,1601,2),(2600,279,1602,3),(2601,279,1603,4),(2602,279,292,5),(2603,279,1604,6),(2604,279,259,7),(2605,279,1605,8),(2606,279,1606,9),(2607,279,1607,10),(2608,279,1608,11),(2609,279,62,12),(2610,279,477,13),(2611,279,93,14),(2612,279,1609,15),(2613,280,1610,0),(2614,280,806,1),(2615,280,1611,2),(2616,280,638,3),(2617,280,915,4),(2618,280,1612,5),(2619,280,1613,6),(2620,280,787,7),(2621,280,678,8),(2622,280,786,9),(2623,280,292,10),(2624,280,49,11),(2625,280,1614,12),(2626,280,1615,13),(2627,280,114,14),(2628,282,1616,0),(2629,282,41,1),(2630,282,1617,2),(2631,282,32,3),(2632,282,1618,4),(2633,282,6,5),(2634,282,17,6),(2635,282,14,7),(2636,282,1619,8),(2637,282,1620,9),(2638,282,164,10),(2639,282,1621,11),(2640,282,1622,12),(2641,283,32,0),(2642,283,106,1),(2643,283,47,2),(2644,283,8,3),(2645,285,804,0),(2646,285,201,1),(2647,285,8,2),(2648,285,1623,3),(2649,285,1624,4),(2650,285,32,5),(2651,285,541,6),(2652,285,1107,7),(2653,285,156,8),(2654,285,1625,9),(2655,285,501,10),(2656,285,1626,11),(2657,285,93,12),(2658,285,1625,13),(2659,287,1481,0),(2660,287,1627,1),(2661,287,1628,2),(2662,287,17,3),(2663,287,1629,4),(2664,287,299,5),(2665,287,120,6),(2666,287,60,7),(2667,287,1630,8),(2668,287,1631,9),(2669,287,1632,10),(2670,287,503,11),(2671,287,1633,12),(2672,289,32,0),(2673,289,123,1),(2674,289,418,2),(2675,289,930,3),(2676,289,6,4),(2677,289,114,5),(2678,289,177,6),(2679,289,930,7),(2680,289,6,8),(2681,289,114,9),(2682,289,389,10),(2683,289,1634,11),(2684,289,1635,12),(2685,289,1636,13),(2686,289,340,14),(2687,289,341,15),(2688,289,1637,16),(2689,290,1638,0),(2690,290,1639,1),(2691,290,1640,2),(2692,290,832,3),(2693,290,628,4),(2694,290,1641,5),(2695,290,124,6),(2696,290,1032,7),(2697,290,1642,8),(2698,290,1643,9),(2699,290,1644,10),(2700,290,62,11),(2701,291,1645,0),(2702,291,658,1),(2703,291,114,2),(2704,292,1646,0),(2705,292,1034,1),(2706,292,810,2),(2707,292,1363,3),(2708,292,1647,4),(2709,292,1648,5),(2710,292,1649,6),(2711,292,1650,7),(2712,292,847,8),(2713,292,1651,9),(2714,292,304,10),(2715,292,51,11),(2716,292,395,12),(2717,292,6,13),(2718,292,106,14),(2719,292,62,15),(2720,293,304,0),(2721,293,800,1),(2722,293,1652,2),(2723,293,1653,3),(2724,293,257,4),(2725,293,1654,5),(2726,294,963,0),(2727,294,1655,1),(2728,294,177,2),(2729,294,1656,3),(2730,294,1657,4),(2731,294,1658,5),(2732,294,751,6),(2733,294,1659,7),(2734,294,1660,8),(2735,294,60,9),(2736,294,1661,10),(2737,294,194,11),(2738,294,31,12),(2739,294,1662,13),(2740,295,1424,0),(2741,295,556,1),(2742,295,32,2),(2743,295,124,3),(2744,295,1663,4),(2745,295,93,5),(2746,295,1664,6),(2747,296,1665,0),(2748,296,418,1),(2749,296,745,2),(2750,296,1666,3),(2751,296,156,4),(2752,296,418,5),(2753,296,1667,6),(2754,296,1668,7),(2755,296,155,8),(2756,296,156,9),(2757,296,1669,10),(2758,296,1670,11),(2759,296,1050,12),(2760,297,1671,0),(2761,297,1672,1),(2762,297,1673,2),(2763,297,1017,3),(2764,297,1674,4),(2765,297,97,5),(2766,297,1675,6),(2767,297,814,7),(2768,297,1672,8),(2769,297,1676,9),(2770,297,1677,10),(2771,297,62,11),(2772,297,1678,12),(2773,297,1679,13),(2774,297,114,14),(2775,298,1680,0),(2776,298,1681,1),(2777,298,62,2),(2778,298,1682,3),(2779,298,1683,4),(2780,298,138,5),(2781,298,1684,6),(2782,298,407,7),(2783,298,1685,8),(2784,299,1539,0),(2785,299,1686,1),(2786,299,1687,2),(2787,299,1688,3),(2788,299,6,4),(2789,299,1689,5),(2790,299,6,6),(2791,299,1690,7),(2792,300,1394,0),(2793,300,1691,1),(2794,300,251,2),(2795,300,1692,3),(2796,300,1693,4),(2797,300,1694,5),(2798,300,1695,6),(2799,300,1696,7),(2800,300,810,8),(2801,300,1697,9),(2802,300,93,10),(2803,300,1698,11),(2804,301,1699,0),(2805,301,386,1),(2806,301,1700,2),(2807,302,1701,0),(2808,302,32,1),(2809,302,1702,2),(2810,302,1245,3),(2811,302,1703,4),(2812,302,1704,5),(2813,302,1705,6),(2814,303,32,0),(2815,303,106,1),(2816,303,522,2),(2817,303,773,3),(2818,303,555,4),(2819,303,556,5),(2820,303,1046,6),(2821,303,1706,7),(2822,303,1337,8),(2823,303,1707,9),(2824,303,1474,10),(2825,303,1708,11),(2826,303,1709,12),(2827,303,1710,13),(2828,303,114,14),(2829,303,156,15),(2830,304,177,0),(2831,304,1711,1),(2832,305,32,0),(2833,305,1712,1),(2834,305,1713,2),(2835,305,1714,3),(2836,305,1715,4),(2837,305,1716,5),(2838,306,1717,0),(2839,306,1718,1),(2840,306,1719,2),(2841,306,1437,3),(2842,306,1670,4),(2843,306,32,5),(2844,306,106,6),(2845,306,124,7),(2846,306,71,8),(2847,306,1720,9),(2848,306,1721,10),(2849,306,114,11),(2850,306,32,12),(2851,306,1722,13),(2852,306,1723,14),(2853,307,150,0),(2854,307,304,1),(2855,307,1724,2),(2856,307,1725,3),(2857,307,942,4),(2858,307,1726,5),(2859,307,1036,6),(2860,307,64,7),(2861,307,8,8),(2862,307,866,9),(2863,307,651,10),(2864,307,866,11),(2865,307,1727,12),(2866,307,347,13),(2867,307,860,14),(2868,307,1728,15),(2869,307,1729,16),(2870,307,1348,17),(2871,308,1730,0),(2872,308,804,1),(2873,308,756,2),(2874,308,1731,3),(2875,308,1732,4),(2876,308,1307,5),(2877,308,1067,6),(2878,308,112,7),(2879,308,93,8),(2880,308,1730,9),(2881,309,472,0),(2882,309,1733,1),(2883,309,1734,2),(2884,309,1735,3),(2885,309,373,4),(2886,309,1736,5),(2887,310,32,0),(2888,310,773,1),(2889,310,16,2),(2890,310,1737,3),(2891,310,1738,4),(2892,310,1739,5),(2893,310,1740,6),(2894,311,6,0),(2895,311,17,1),(2896,311,149,2),(2897,311,1741,3),(2898,311,1742,4),(2899,311,1743,5),(2900,311,1744,6),(2901,311,665,7),(2902,311,1745,8),(2903,311,6,9),(2904,311,163,10),(2905,311,164,11),(2906,311,1746,12),(2907,312,1747,0),(2908,312,1748,1),(2909,312,1749,2),(2910,312,620,3),(2911,312,1472,4),(2912,312,1750,5),(2913,312,112,6),(2914,312,93,7),(2915,312,1751,8),(2916,314,32,0),(2917,314,1752,1),(2918,314,1036,2),(2919,314,64,3),(2920,314,1753,4),(2921,314,62,5),(2922,314,1754,6),(2923,314,503,7),(2924,314,1755,8),(2925,315,60,0),(2926,315,356,1),(2927,315,1756,2),(2928,315,1241,3),(2929,315,230,4),(2930,315,1757,5),(2931,315,1758,6),(2932,315,1759,7),(2933,315,1760,8),(2934,315,1761,9),(2935,315,1762,10),(2936,315,1763,11),(2937,315,177,12),(2938,315,266,13),(2939,315,138,14),(2940,315,114,15),(2941,315,267,16),(2942,315,1764,17),(2943,316,288,0),(2944,316,1765,1),(2945,316,1766,2),(2946,316,1767,3),(2947,316,1768,4),(2948,316,1769,5),(2949,316,44,6),(2950,316,1333,7),(2951,316,1770,8),(2952,316,1771,9),(2953,316,1772,10),(2954,316,1773,11),(2955,316,1774,12),(2956,316,164,13),(2957,316,1775,14),(2958,317,1776,0),(2959,317,1777,1),(2960,317,2,2),(2961,317,1778,3),(2962,317,658,4),(2963,318,106,0),(2964,318,32,1),(2965,318,1170,2),(2966,319,1779,0),(2967,319,1780,1),(2968,319,32,2),(2969,319,124,3),(2970,319,1781,4),(2971,319,1132,5),(2972,319,1692,6),(2973,319,1782,7),(2974,319,164,8),(2975,319,1783,9),(2976,321,71,0),(2977,321,70,1),(2978,321,1784,2),(2979,321,1785,3),(2980,321,62,4),(2981,322,71,0),(2982,322,32,1),(2983,322,1786,2),(2984,322,935,3),(2985,322,793,4),(2986,322,1787,5),(2987,322,1788,6),(2988,322,1789,7),(2989,322,1790,8),(2990,322,1791,9),(2991,322,1792,10),(2992,323,1793,0),(2993,323,13,1),(2994,323,1794,2),(2995,323,1795,3),(2996,323,797,4),(2997,323,1796,5),(2998,323,1797,6),(2999,323,1798,7),(3000,323,163,8),(3001,323,164,9),(3002,324,32,0),(3003,324,106,1),(3004,324,1799,2),(3005,324,34,3),(3006,324,230,4),(3007,324,58,5),(3008,324,177,6),(3009,324,1800,7),(3010,324,818,8),(3011,324,1801,9),(3012,324,1802,10),(3013,324,177,11),(3014,324,1800,12),(3015,325,1803,0),(3016,325,1804,1),(3017,325,6,2),(3018,325,114,3),(3019,326,32,0),(3020,326,479,1),(3021,326,464,2),(3022,326,1805,3),(3023,326,1806,4),(3024,326,138,5),(3025,326,114,6),(3026,326,872,7),(3027,326,1807,8),(3028,326,6,9),(3029,326,1808,10),(3030,326,1809,11),(3031,327,844,0),(3032,327,1650,1),(3033,327,1810,2),(3034,327,1811,3),(3035,327,1812,4),(3036,327,1813,5),(3037,327,1814,6),(3038,327,1815,7),(3039,327,1816,8),(3040,328,1817,0),(3041,328,457,1),(3042,328,1788,2),(3043,328,1818,3),(3044,328,408,4),(3045,328,41,5),(3046,328,1819,6),(3047,329,1036,0),(3048,329,64,1),(3049,329,1820,2),(3050,329,1821,3),(3051,330,6,0),(3052,330,1822,1),(3053,331,300,0),(3054,331,299,1),(3055,331,120,2),(3056,331,1823,3),(3057,331,1824,4),(3058,331,1825,5),(3059,331,62,6),(3060,331,1826,7),(3061,331,1793,8),(3062,331,1827,9),(3063,331,1828,10),(3064,332,1829,0),(3065,332,1206,1),(3066,332,62,2),(3067,332,1217,3),(3068,333,1830,0),(3069,333,1831,1),(3070,333,28,2),(3071,333,1832,3),(3072,333,1833,4),(3073,333,1834,5),(3074,333,751,6),(3075,333,1835,7),(3076,333,1836,8),(3077,333,6,9),(3078,334,197,0),(3079,334,1837,1),(3080,334,32,2),(3081,334,1838,3),(3082,334,510,4),(3083,335,32,0),(3084,335,1839,1),(3085,335,1840,2),(3086,335,1841,3),(3087,335,1842,4),(3088,335,1843,5),(3089,335,1844,6),(3090,335,1845,7),(3091,335,1846,8),(3092,335,340,9),(3093,335,6,10),(3094,335,411,11),(3095,335,1847,12),(3096,336,479,0),(3097,336,464,1),(3098,336,1848,2),(3099,336,464,3),(3100,336,1849,4),(3101,336,1850,5),(3102,336,1851,6),(3103,337,152,0),(3104,337,1852,1),(3105,337,1364,2),(3106,337,304,3),(3107,337,149,4),(3108,337,1136,5),(3109,337,1024,6),(3110,337,541,7),(3111,337,1853,8),(3112,337,703,9),(3113,337,383,10),(3114,337,177,11),(3115,337,1854,12),(3116,337,114,13),(3117,338,1855,0),(3118,338,1856,1),(3119,338,1857,2),(3120,338,93,3),(3121,338,1858,4),(3122,339,1859,0),(3123,339,915,1),(3124,339,1328,2),(3125,339,912,3),(3126,339,1860,4),(3127,339,1861,5),(3128,339,1862,6),(3129,339,62,7),(3130,339,1863,8),(3131,340,32,0),(3132,340,33,1),(3133,340,1637,2),(3134,340,1864,3),(3135,340,32,4),(3136,340,1865,5),(3137,340,164,6),(3138,340,1866,7),(3139,341,32,0),(3140,341,33,1),(3141,341,1867,2),(3142,341,1638,3),(3143,341,980,4),(3144,341,1868,5),(3145,341,8,6),(3146,341,367,7),(3147,341,561,8),(3148,341,1226,9),(3149,341,1869,10),(3150,341,1870,11),(3151,341,114,12),(3152,342,32,0),(3153,342,106,1),(3154,342,1871,2),(3155,342,1872,3),(3156,342,1873,4),(3157,342,1874,5),(3158,342,62,6),(3159,342,477,7),(3160,342,93,8),(3161,342,1874,9),(3162,343,1875,0),(3163,343,6,1),(3164,343,1672,2),(3165,343,1876,3),(3166,343,1877,4),(3167,343,1878,5),(3168,343,93,6),(3169,343,1879,7),(3170,344,1880,0),(3171,344,1881,1),(3172,344,1882,2),(3173,344,201,3),(3174,344,290,4),(3175,344,1883,5),(3176,344,1478,6),(3177,344,32,7),(3178,344,1884,8),(3179,344,1086,9),(3180,344,1885,10),(3181,344,32,11),(3182,344,1886,12),(3183,344,1887,13),(3184,345,32,0),(3185,345,700,1),(3186,345,930,2),(3187,345,1888,3),(3188,345,1478,4),(3189,345,32,5),(3190,345,818,6),(3191,345,1889,7),(3192,345,58,8),(3193,345,1888,9),(3194,345,1890,10),(3195,345,177,11),(3196,345,1891,12),(3197,345,114,13),(3198,346,106,0),(3199,346,32,1),(3200,346,1892,2),(3201,346,1612,3),(3202,346,1613,4),(3203,346,638,5),(3204,346,915,6),(3205,346,1893,7),(3206,346,1894,8),(3207,346,1895,9),(3208,346,164,10),(3209,346,1896,11),(3210,348,6,0),(3211,348,120,1),(3212,348,106,2),(3213,348,32,3),(3214,348,1478,4),(3215,348,1897,5),(3216,348,1898,6),(3217,348,1899,7),(3218,348,745,8),(3219,349,1900,0),(3220,349,1901,1),(3221,349,177,2),(3222,349,1902,3),(3223,349,1903,4),(3224,349,1904,5),(3225,350,1905,0),(3226,350,1906,1),(3227,350,1907,2),(3228,350,1908,3),(3229,350,1501,4),(3230,350,6,5),(3231,350,106,6),(3232,350,949,7),(3233,350,1909,8),(3234,350,1910,9),(3235,350,1911,10),(3236,351,1912,0),(3237,351,1913,1),(3238,351,1914,2),(3239,351,1024,3),(3240,351,1915,4),(3241,351,552,5),(3242,351,1916,6),(3243,351,1917,7),(3244,351,655,8),(3245,351,1918,9),(3246,352,1919,0),(3247,352,753,1),(3248,352,1920,2),(3249,352,1921,3),(3250,352,1922,4),(3251,352,1923,5),(3252,352,1924,6),(3253,352,1925,7),(3254,352,1926,8),(3255,352,1927,9),(3256,352,411,10),(3257,352,177,11),(3258,352,1928,12),(3259,352,114,13),(3260,353,1929,0),(3261,353,58,1),(3262,353,725,2),(3263,353,1930,3),(3264,353,1931,4),(3265,353,6,5),(3266,354,1932,0),(3267,354,1933,1),(3268,354,1934,2),(3269,354,106,3),(3270,354,32,4),(3271,354,398,5),(3272,354,1935,6),(3273,354,62,7),(3274,354,1936,8),(3275,354,1721,9),(3276,354,1937,10),(3277,354,1938,11),(3278,354,1939,12),(3279,354,93,13),(3280,354,1940,14),(3281,355,304,0),(3282,355,110,1),(3283,355,487,2),(3284,355,35,3),(3285,355,1941,4),(3286,355,1942,5),(3287,355,637,6),(3288,355,1943,7),(3289,355,1692,8),(3290,355,3,9),(3291,355,1944,10),(3292,355,1945,11),(3293,355,114,12),(3294,356,97,0),(3295,356,1946,1),(3296,356,1947,2),(3297,357,1948,0),(3298,357,1949,1),(3299,357,6,2),(3300,357,124,3),(3301,357,1950,4),(3302,357,32,5),(3303,357,106,6),(3304,357,1951,7),(3305,357,1952,8),(3306,357,1953,9),(3307,357,1954,10),(3308,357,1955,11),(3309,358,465,0),(3310,358,1956,1),(3311,359,1957,0),(3312,360,1958,0),(3313,360,1959,1),(3314,361,32,0),(3315,361,469,1),(3316,361,285,2),(3317,361,620,3),(3318,361,1127,4),(3319,361,1960,5),(3320,361,60,6),(3321,361,1961,7),(3322,361,1962,8),(3323,361,1963,9),(3324,361,1964,10),(3325,361,1965,11),(3326,361,1966,12),(3327,361,1967,13),(3328,361,1968,14),(3329,361,1969,15),(3330,361,386,16),(3331,362,1970,0),(3332,362,1730,1),(3333,362,1971,2),(3334,362,160,3),(3335,362,1972,4),(3336,362,1973,5),(3337,362,1974,6),(3338,362,1975,7),(3339,362,1976,8),(3340,362,1977,9),(3341,362,1978,10),(3342,362,93,11),(3343,362,1979,12),(3344,363,1980,0),(3345,363,44,1),(3346,363,251,2),(3347,363,1981,3),(3348,363,93,4),(3349,363,1982,5),(3350,364,32,0),(3351,364,1983,1),(3352,364,1984,2),(3353,364,1985,3),(3354,364,1986,4),(3355,364,1987,5),(3356,364,1988,6),(3357,364,1989,7),(3358,364,1328,8),(3359,364,809,9),(3360,364,810,10),(3361,364,1990,11),(3362,364,1328,12),(3363,364,1991,13),(3364,364,1992,14),(3365,364,1993,15),(3366,364,138,16),(3367,364,114,17),(3368,364,872,18),(3369,364,335,19),(3370,365,1994,0),(3371,365,569,1),(3372,365,1995,2),(3373,366,1390,0),(3374,366,1996,1),(3375,366,44,2),(3376,366,1997,3),(3377,366,1998,4),(3378,366,707,5),(3379,366,786,6),(3380,366,6,7),(3381,366,22,8),(3382,366,786,9),(3383,366,28,10),(3384,366,1999,11),(3385,366,2000,12),(3386,366,1254,13),(3387,366,8,14),(3388,367,2001,0),(3389,367,368,1),(3390,367,2002,2),(3391,367,47,3),(3392,367,8,4),(3393,367,2003,5),(3394,367,62,6),(3395,367,2004,7),(3396,367,138,8),(3397,367,114,9),(3398,367,847,10),(3399,367,2005,11),(3400,367,2006,12),(3401,367,259,13),(3402,367,894,14),(3403,367,1132,15),(3404,367,2007,16),(3405,367,2008,17),(3406,368,715,0),(3407,368,2009,1),(3408,368,2010,2),(3409,369,32,0),(3410,369,106,1),(3411,369,2011,2),(3412,369,1651,3),(3413,369,1650,4),(3414,369,304,5),(3415,369,6,6),(3416,369,661,7),(3417,369,106,8),(3418,369,32,9),(3419,369,2012,10),(3420,369,2013,11),(3421,369,1142,12),(3422,369,2014,13),(3423,369,2015,14),(3424,370,2016,0),(3425,370,259,1),(3426,370,360,2),(3427,370,2017,3),(3428,370,756,4),(3429,370,112,5),(3430,370,93,6),(3431,370,2016,7),(3432,371,2018,0),(3433,371,2019,1),(3434,371,2020,2),(3435,371,97,3),(3436,371,815,4),(3437,371,2021,5),(3438,371,2022,6),(3439,371,479,7),(3440,371,464,8),(3441,371,2023,9),(3442,371,2024,10),(3443,371,1107,11),(3444,371,758,12),(3445,371,2025,13),(3446,371,2026,14),(3447,371,32,15),(3448,371,1883,16),(3449,371,2027,17),(3450,371,1793,18),(3451,372,177,0),(3452,372,2028,1),(3453,372,114,2),(3454,372,2029,3),(3455,372,114,4),(3456,372,32,5),(3457,372,2030,6),(3458,372,2031,7),(3459,372,1206,8),(3460,373,2032,0),(3461,373,1328,1),(3462,374,32,0),(3463,374,106,1),(3464,374,304,2),(3465,374,2033,3),(3466,374,6,4),(3467,374,106,5),(3468,374,310,6),(3469,374,2034,7),(3470,374,2035,8),(3471,374,2036,9),(3472,374,246,10),(3473,374,2037,11),(3474,374,114,12),(3475,374,2029,13),(3476,374,665,14),(3477,374,2038,15),(3478,374,2039,16),(3479,374,2040,17),(3480,374,1765,18),(3481,374,2041,19),(3482,374,2042,20),(3483,374,2043,21),(3484,375,32,0),(3485,375,2044,1),(3486,375,2045,2),(3487,375,1050,3),(3488,375,47,4),(3489,376,2046,0),(3490,376,2047,1),(3491,377,847,0),(3492,377,2048,1),(3493,377,2049,2),(3494,377,2050,3),(3495,377,91,4),(3496,377,2051,5),(3497,377,2052,6),(3498,377,2053,7),(3499,377,2054,8),(3500,377,2055,9),(3501,377,532,10),(3502,377,930,11),(3503,377,2056,12),(3504,377,2057,13),(3505,377,2058,14),(3506,378,2059,0),(3507,378,2060,1),(3508,379,2061,0),(3509,379,2062,1),(3510,379,2063,2),(3511,379,259,3),(3512,379,62,4),(3513,379,2064,5),(3514,379,2065,6),(3515,379,1793,7),(3516,379,1793,8),(3517,379,32,9),(3518,379,2066,10),(3519,379,1264,11),(3520,379,259,12),(3521,380,32,0),(3522,380,2067,1),(3523,380,797,2),(3524,380,1796,3),(3525,380,2068,4),(3526,381,1010,0),(3527,381,6,1),(3528,381,106,2),(3529,381,2069,3),(3530,381,127,4),(3531,381,1010,5),(3532,381,984,6),(3533,381,2070,7),(3534,381,2071,8),(3535,381,2072,9),(3536,381,2073,10),(3537,381,2074,11),(3538,381,2075,12),(3539,381,2076,13),(3540,381,665,14),(3541,381,163,15),(3542,381,164,16),(3543,381,2077,17),(3544,382,2078,0),(3545,382,2079,1),(3546,382,2080,2),(3547,383,1478,0),(3548,383,32,1),(3549,383,826,2),(3550,383,2081,3),(3551,383,58,4),(3552,383,2082,5),(3553,383,2083,6),(3554,383,2084,7),(3555,383,2085,8),(3556,383,197,9),(3557,383,1625,10),(3558,383,32,11),(3559,383,2086,12),(3560,383,2087,13),(3561,383,2086,14),(3562,383,197,15),(3563,383,177,16),(3564,383,2088,17),(3565,384,2089,0),(3566,384,915,1),(3567,384,35,2),(3568,384,1328,3),(3569,385,32,0),(3570,385,16,1),(3571,385,6,2),(3572,385,124,3),(3573,385,310,4),(3574,385,6,5),(3575,385,201,6),(3576,385,1287,7),(3577,385,2090,8),(3578,385,1335,9),(3579,385,2091,10),(3580,385,2092,11),(3581,385,2093,12),(3582,385,2094,13),(3583,385,2095,14),(3584,386,2096,0),(3585,386,739,1),(3586,386,821,2),(3587,386,129,3),(3588,386,2097,4),(3589,386,124,5),(3590,386,70,6),(3591,386,55,7),(3592,386,1157,8),(3593,386,768,9),(3594,386,2098,10),(3595,386,62,11),(3596,387,2099,0),(3597,387,62,1),(3598,387,2100,2),(3599,387,2101,3),(3600,387,2102,4),(3601,387,2103,5),(3602,387,2104,6),(3603,387,1394,7),(3604,387,351,8),(3605,387,47,9),(3606,388,32,0),(3607,388,106,1),(3608,388,2105,2),(3609,388,2106,3),(3610,388,2107,4),(3611,388,2108,5),(3612,388,2109,6),(3613,388,2110,7),(3614,388,2111,8),(3615,388,2112,9),(3616,388,2113,10),(3617,388,6,11),(3618,388,106,12),(3619,388,2107,13),(3620,388,1276,14),(3621,388,2114,15),(3622,388,2115,16),(3623,389,124,0),(3624,389,51,1),(3625,389,2116,2),(3626,389,547,3),(3627,389,71,4),(3628,389,927,5),(3629,389,6,6),(3630,389,2117,7),(3631,389,2118,8),(3632,389,2119,9),(3633,389,93,10),(3634,389,2120,11),(3635,390,1052,0),(3636,390,215,1),(3637,390,768,2),(3638,390,633,3),(3639,390,32,4),(3640,390,773,5),(3641,390,2121,6),(3642,390,2122,7),(3643,390,1307,8),(3644,390,398,9),(3645,390,2123,10),(3646,390,93,11),(3647,390,2124,12),(3648,391,768,0),(3649,391,2125,1),(3650,391,114,2),(3651,391,2126,3),(3652,391,398,4),(3653,391,2127,5),(3654,391,2128,6),(3655,391,2129,7),(3656,391,93,8),(3657,391,2130,9),(3658,392,2131,0),(3659,392,2132,1),(3660,392,2133,2),(3661,392,2134,3),(3662,392,1253,4),(3663,392,398,5),(3664,392,2135,6),(3665,392,2136,7),(3666,393,32,0),(3667,393,33,1),(3668,393,1721,2),(3669,393,398,3),(3670,393,112,4),(3671,393,93,5),(3672,393,2137,6),(3673,394,1607,0),(3674,394,2138,1),(3675,394,373,2),(3676,394,2139,3),(3677,394,2140,4),(3678,394,2141,5),(3679,394,149,6),(3680,394,444,7),(3681,394,2142,8),(3682,394,2143,9),(3683,394,2144,10),(3684,394,2116,11),(3685,394,651,12),(3686,394,112,13),(3687,394,93,14),(3688,394,2145,15),(3689,395,112,0),(3690,395,93,1),(3691,395,2146,2),(3692,396,745,0),(3693,396,457,1),(3694,396,408,2),(3695,396,2147,3),(3696,396,2148,4),(3697,396,2149,5),(3698,397,2150,0),(3699,397,6,1),(3700,397,126,2),(3701,397,106,3),(3702,397,2151,4),(3703,397,1333,5),(3704,397,2152,6),(3705,397,2153,7),(3706,397,1932,8),(3707,397,2154,9),(3708,398,120,0),(3709,398,32,1),(3710,398,2155,2),(3711,398,638,3),(3712,398,2156,4),(3713,398,1170,5),(3714,398,2157,6),(3715,398,2158,7),(3716,398,922,8),(3717,398,2159,9),(3718,398,694,10),(3719,398,2065,11),(3720,398,2160,12),(3721,398,2161,13),(3722,398,2162,14),(3723,398,229,15),(3724,398,2163,16),(3725,398,2164,17),(3726,399,2165,0),(3727,399,2166,1),(3728,399,2167,2),(3729,399,6,3),(3730,399,2168,4),(3731,399,2169,5),(3732,399,2170,6),(3733,399,2171,7),(3734,399,2172,8),(3735,399,62,9),(3736,399,2173,10),(3737,399,2174,11),(3738,399,2175,12),(3739,400,2176,0),(3740,400,1394,1),(3741,400,627,2),(3742,400,1810,3),(3743,400,2177,4),(3744,400,285,5),(3745,400,915,6),(3746,400,2178,7),(3747,400,93,8),(3748,400,2179,9),(3749,401,658,0),(3750,401,2180,1),(3751,401,37,2),(3752,401,32,3),(3753,401,2181,4),(3754,401,2182,5),(3755,401,464,6),(3756,401,185,7),(3757,401,186,8),(3758,401,299,9),(3759,401,2183,10),(3760,401,2184,11),(3761,401,62,12),(3762,402,32,0),(3763,402,66,1),(3764,402,758,2),(3765,402,304,3),(3766,402,325,4),(3767,402,229,5),(3768,402,344,6),(3769,402,6,7),(3770,402,1337,8),(3771,402,126,9),(3772,402,2185,10),(3773,402,62,11),(3774,402,477,12),(3775,402,93,13),(3776,402,2186,14),(3777,404,32,0),(3778,404,398,1),(3779,404,310,2),(3780,404,1840,3),(3781,404,2187,4),(3782,404,304,5),(3783,404,968,6),(3784,404,2188,7),(3785,404,2189,8),(3786,404,2190,9),(3787,404,2191,10),(3788,404,254,11),(3789,404,2190,12),(3790,404,2192,13),(3791,404,756,14),(3792,404,2193,15),(3793,404,677,16),(3794,404,177,17),(3795,404,2194,18),(3796,404,6,19),(3797,405,252,0),(3798,405,257,1),(3799,405,620,2),(3800,405,120,3),(3801,405,2195,4),(3802,405,1394,5),(3803,405,2196,6),(3804,405,2197,7),(3805,405,2198,8),(3806,405,2199,9),(3807,405,591,10),(3808,405,2200,11),(3809,405,398,12),(3810,405,2201,13),(3811,405,2202,14),(3812,405,114,15),(3813,405,2203,16),(3814,405,2204,17),(3815,405,2205,18),(3816,405,2206,19),(3817,405,229,20),(3818,405,665,21),(3819,406,6,0),(3820,406,2207,1),(3821,406,2208,2),(3822,406,2209,3),(3823,407,2060,0);
/*!40000 ALTER TABLE `palavra_localizacao` ENABLE KEYS */;
UNLOCK TABLES;

--
-- Table structure for table `palavras`
--

DROP TABLE IF EXISTS `palavras`;
/*!40101 SET @saved_cs_client     = @@character_set_client */;
/*!50503 SET character_set_client = utf8mb4 */;
CREATE TABLE `palavras` (
  `idpalavra` int NOT NULL AUTO_INCREMENT,
  `palavra` varchar(255) NOT NULL,
  PRIMARY KEY (`idpalavra`),
  KEY `idx_palavras_palavra` (`palavra`)
) ENGINE=InnoDB AUTO_INCREMENT=2210 DEFAULT CHARSET=utf8mb4 COLLATE=utf8mb4_0900_ai_ci;
/*!40101 SET character_set_client = @saved_cs_client */;

--
-- Dumping data for table `palavras`
--

LOCK TABLES `palavras` WRITE;
/*!40000 ALTER TABLE `palavras` DISABLE KEYS */;
INSERT INTO `palavras` VALUES (1746,'_43zhd7u'),(1702,'_em'),(2062,'_fotopret'),(492,'_grandprizelinktr'),(1439,'_ionem'),(1458,'_nova_era_'),(2174,'_queroquando_lev'),(481,'_rafakennedyarchiv'),(735,'_travadacontat'),(2038,'01'),(922,'0101artplatform_'),(1168,'0101artplatform_columnist'),(1815,'0113'),(1906,'021'),(2039,'05'),(813,'05creatur'),(482,'061'),(1907,'082'),(811,'09'),(533,'100'),(751,'11'),(1976,'111'),(674,'11954450144'),(207,'11972579235youtub'),(249,'1234621365'),(409,'12809'),(1429,'13790'),(783,'13'),(812,'14'),(752,'15'),(1834,'19'),(1869,'1971'),(1636,'1982'),(1052,'1996'),(2052,'1998'),(1169,'1alinemott'),(458,'1faipqlsftkgbx0rycwtb4tyc_tetvg0ndtpvi7t_h4w7shs94smjx'),(1598,'1jm26aonxpk4'),(1818,'1plwx4pbxujaulf4ah5eosy4jlxhj3hox'),(561,'20'),(1128,'2003'),(10,'2012'),(1228,'2016'),(532,'2018'),(1658,'2021'),(665,'????'),(1227,'2022cole'),(275,'2022f'),(162,'2023'),(1813,'21'),(1797,'21cbf0w1rgq'),(79,'22'),(1503,'23'),(1500,'23brev'),(1908,'25y'),(508,'262'),(1514,'26ybelm'),(116,'30'),(118,'30ce'),(90,'35'),(1084,'36'),(1995,'3azooqx'),(989,'400'),(270,'46th'),(1964,'4kiavpu32zh6wglqscz8qd'),(595,'4lkebulan'),(1905,'55'),(2058,'5548999717324'),(1112,'55pxlmembr'),(1685,'624'),(1760,'66'),(1728,'71'),(1345,'83459703'),(1729,'91695091patriciasantos'),(2030,'93'),(1809,'98793032f73039f5519c9'),(1814,'99775'),(1589,'9jusuy'),(211,'a1demin'),(1804,'a7m'),(1207,'ab_marianadesr'),(754,'ababquerpass'),(1666,'abaixop'),(1048,'abert'),(1528,'abinieljnasc'),(2202,'abril'),(1216,'abros_ateli'),(2188,'aby'),(40,'ac'),(1195,'a'),(1509,'acaicompeixefritohqsig'),(1417,'acasadedonarlind'),(696,'??????'),(1614,'acerv'),(1609,'acervodalaj'),(1830,'acervogaleriadeart'),(1832,'aces'),(501,'acess'),(1425,'acompanh'),(1087,'acros'),(1071,'act'),(471,'activist'),(521,'actres'),(56,'adjunct'),(499,'adorofarm'),(2043,'adri'),(251,'afet'),(1397,'afetos_pbl'),(957,'affection'),(1339,'afinal'),(213,'afirm'),(1419,'afoit'),(201,'afr'),(202,'afric'),(537,'african'),(1430,'afroamernd'),(237,'afrobonec'),(676,'afrocur'),(20,'afrofuturism'),(1709,'afrofuturismowww'),(1522,'afrofuturocloseraa'),(324,'afrohairstylist'),(1126,'afroit'),(1111,'afrokizomb'),(375,'afront'),(1308,'afrontecole'),(905,'afropunkb'),(495,'afrorreligi'),(2061,'afrotometr'),(1412,'ag'),(1105,'ag_________________________________'),(1443,'agenci'),(317,'agenciajabuticab'),(1444,'agenciakozmoart'),(1047,'agend'),(1428,'agent'),(382,'agogocult'),(770,'agor'),(845,'agrest'),(1392,'agroecolog'),(1008,'agshow'),(337,'gu'),(261,'aguantamigrant'),(1305,'ahor'),(434,'ai'),(38,'aibukeney'),(1512,'alanfurtado1'),(172,'alarinjaprend'),(506,'albertzbendarevistacontin'),(837,'lbum'),(771,'lbummundh'),(827,'alde'),(39,'aldeiachicocurumim'),(1566,'aleatoriedad'),(1264,'alexandr'),(1263,'alexandrealexandrin'),(1723,'alexandrin'),(1633,'alexhornest'),(1526,'alfazemabrab'),(184,'algohit'),(2179,'alinebesour'),(1634,'alisson'),(574,'almerindas_'),(831,'alv'),(221,'am'),(1873,'amamazniacontat'),(1354,'amaz'),(1287,'amazn'),(1329,'amazniamult'),(1902,'amazonianegr'),(1453,'????????'),(437,'ambient'),(1972,'amefrikah'),(353,'ament'),(695,'americalatin'),(601,'american'),(1399,'amlinktr'),(2157,'amorcomomtod'),(453,'amproglobesaward'),(1489,'ana'),(1436,'ananindeus'),(673,'anans'),(1324,'anastaciamarshelly'),(332,'ancestr'),(2153,'ancestraismulh'),(1337,'ancestral'),(1519,'ancestralidadestran'),(299,'and'),(978,'anderson'),(1183,'andrad'),(1645,'andrericard'),(1288,'andsantt'),(1561,'aningaloj'),(883,'anjf_br'),(323,'ann'),(562,'ano'),(608,'ant'),(11,''),(821,'antropolog'),(581,'ap'),(1109,'apaulapreta50'),(312,'apo'),(265,'aqu'),(1380,'ar'),(849,'aramef'),(1505,'arc'),(1230,'arch'),(1617,'architectur'),(1985,'are'),(1224,'ariananuala'),(1938,'arp'),(1273,'arqu'),(1045,'arqutip'),(1292,'arquitet'),(6,'art'),(280,'artbattlebr'),(1174,'arte_design_md'),(153,'arteb'),(2104,'artecri'),(1943,'artenafotograf'),(448,'artes'),(37,'artes'),(2142,'artesan'),(1279,'artesanat'),(159,'arteseav'),(1098,'arteskik'),(1949,'arteterap'),(2127,'arteterritori'),(2209,'arteurbananaescol'),(407,'articl'),(758,'articul'),(32,'artist'),(2070,'artistaap'),(1012,'artistacastielvitorinob'),(1040,'artistacomunic'),(1817,'artistadriv'),(417,'artista'),(956,'artistanegr'),(1721,'artistaslatin'),(1935,'artistaslatinassheylaay'),(1699,'artistasxevegutapy'),(1748,'artistin'),(1156,'artists'),(473,'artistsit'),(1529,'artistviv'),(1166,'artistvodoun'),(1441,'artiv'),(247,'artnew'),(1937,'artrio22'),(1936,'artsamp'),(293,'assess'),(145,'assessor'),(48,'assist'),(1877,'assistant'),(2152,'astr'),(60,'at'),(842,'ateli'),(1913,'ateliecasaset'),(136,'ateliemutambawww'),(2090,'atelieobatalanil'),(480,'atelietransm'),(66,'ativ'),(313,'atlanticonegr'),(250,'atlet'),(1612,'ato'),(1014,'atransalien'),(859,'atrav'),(150,'atravs'),(288,'atriz'),(512,'atrizapresent'),(428,'atrizn'),(571,'atriznarradoraarticul'),(158,'atu'),(1715,'atual'),(1385,'aua___art'),(445,'audiovis'),(1581,'audiovisualjorn'),(1872,'audiovisualmanau'),(2173,'audiovisualsound'),(226,'auth'),(1867,'autodidat'),(651,'autor'),(1346,'autoretratistaananindeu'),(1686,'av'),(1379,'aw'),(896,'awure'),(1692,'ax'),(685,'ayoencontronegr'),(865,'ayom'),(447,'azuruhu'),(425,'azuruhucr'),(889,''),(64,'ba'),(1131,'baian'),(396,'baianaca'),(1321,'bailarin'),(992,'bailarinowest'),(846,'bailatriztenh'),(245,'bailedacucetaclip'),(175,'bakongolinktr'),(358,'bal'),(225,'ballerin'),(419,'ballroom'),(1543,'bam'),(1179,'bamamocup'),(360,'band'),(210,'baob'),(1037,'baperfil'),(1660,'baptistell'),(1072,'barb'),(2194,'barbaramil'),(1257,'barr'),(875,'bartolom'),(902,'based'),(1584,'batakeredanc'),(565,'bateko'),(1409,'batekoomanag'),(1579,'batuc'),(2077,'bcdin9nty2'),(164,'be'),(433,'beacom'),(776,'beatriz'),(1564,'beatrizpaivart'),(607,'beauxartsparil'),(298,'bee'),(1511,'behanc'),(1983,'behold'),(340,'bel'),(1267,'belm'),(945,'benes'),(189,'benin'),(1736,'ber'),(1154,'berlin'),(1749,'between'),(1750,'beyond'),(385,'bfan'),(286,'bh'),(1418,'biadesenhab'),(551,'bibicamposle'),(760,'bicalh'),(91,'bien'),(784,'bienalmercosultambm'),(92,'bienalsaopaulolinktr'),(1160,'biennal'),(1074,'bigod'),(431,'binr'),(763,'binarieatriz'),(321,'bio'),(662,'bilog'),(397,'biomitografiaart'),(1572,'bit'),(1785,'bitucassund'),(1265,'bix'),(470,'black'),(274,'blackcreatorprogr'),(1762,'blackfac'),(328,'blackinfluenc'),(232,'blacksinballet'),(78,'blackstarfest'),(212,'bloc'),(216,'blocoafroafirmativoiluin'),(1956,'bolsapampulh'),(894,'bom'),(132,'bondedojack'),(180,'booking'),(1546,'born'),(114,'br'),(1135,'bra'),(1303,'bragraffit'),(1312,'bramoriamrm'),(1415,'brart'),(8,'brasil'),(1864,'brasilbrazilian'),(1316,'brasildressasalibr'),(971,'brasileiraprodu'),(1237,'brasileiras_masp'),(1407,'brasileirasc'),(105,'brasileiroart'),(2027,'brasilen'),(1825,'brasilhudsonrodrig'),(1530,'brasillinktr'),(412,'brasilrepresent'),(1753,'brasiltiagosantanaart'),(620,'brazil'),(1478,'brazilian'),(2184,'brazillaisamaralcontat'),(1332,'brazilmestrand'),(455,'brc'),(1239,'brcurad'),(998,'brdire'),(1244,'brdj'),(1088,'breaking'),(1054,'bred'),(1053,'brednatell'),(767,'breg'),(1654,'brendalimatav'),(504,'brenoloes'),(1077,'brev'),(422,'brflow'),(1437,'brilh'),(1349,'brilustr'),(1032,'brinc'),(370,'brlinkm'),(1215,'broscontat'),(910,'brteatr'),(217,'bruhbandeiraart'),(1659,'brun'),(1262,'brunavitorin'),(1903,'brwww'),(23,'bsambrasil'),(1861,'bsb'),(1515,'bujaru'),(1706,'busc'),(1083,'bustl'),(1496,'but'),(1847,'bxd'),(464,'by'),(1790,'c155495'),(209,'c3'),(1073,'cabel'),(1901,'cabocooooo'),(618,'caco'),(377,'cafedapret'),(1639,'cafund'),(2108,'cain'),(1664,'caiozer'),(1413,'camaragib'),(511,'can'),(985,'candidat'),(1587,'cangarussuyoutu'),(81,'cant'),(1567,'cantoraanalg'),(1565,'cao'),(1518,'capilarcabel'),(666,'caprisant'),(1845,'capufrj'),(1899,'carg'),(1789,'cargocollectiv'),(796,'carioc'),(604,'carmen'),(1253,'carnavalnoinfernoarticul'),(1217,'carnicole'),(1990,'carolin'),(790,'carollinalauri'),(563,'carr'),(1791,'carta_baldwin_2021'),(2050,'cartaz'),(1600,'cas'),(1959,'casa_suj'),(1703,'casadaescadacolorida'),(1270,'casadasmadresdisc'),(527,'casadebonekety'),(592,'casamatag'),(606,'casatrianguloex'),(1082,'casefal'),(2059,'castiglioni___'),(1770,'cat'),(1556,'catracalivreidealiz'),(2207,'cazuloamarel'),(503,'cc'),(1621,'cdyw0nc'),(1254,'ce'),(2135,'ceadivinhadind'),(2093,'ceaf82wh111'),(1255,'cearens'),(1368,'celebr'),(1857,'celinktr'),(999,'cen'),(1915,'cena7'),(976,'cnic'),(1719,'censur'),(1926,'centroculturalsp'),(1408,'ceo'),(1362,'cham'),(1251,'chamano'),(1248,'chamanoarwww'),(853,'chap'),(761,'charlen'),(2037,'choquecult'),(730,'church'),(366,'cia'),(741,'ciafundomund'),(1757,'cianegr'),(980,'cidad'),(1687,'cidad'),(496,'cie'),(546,'cinc'),(18,'cient'),(1210,'cin'),(436,'cineast'),(308,'cineclub'),(107,'cinem'),(263,'cirand'),(738,'circens'),(1110,'circulopalmarino'),(612,'cirurg'),(1929,'citizen'),(1490,'cl'),(1669,'clebson'),(305,'clementinojuni'),(399,'clic'),(795,'clickdodih'),(1011,'cln'),(273,'clubedecriaca'),(1396,'clubomin'),(34,'co'),(4,'cdig'),(1302,'cohab1'),(28,'cois'),(709,'col'),(2085,'colab31'),(616,'cole'),(1574,'colecion'),(585,'coletiveflechaskruz'),(2201,'coletivodafbboaform'),(1562,'coletivojacund'),(558,'collab'),(1517,'collabdaught'),(2084,'collectiv'),(1802,'collim'),(835,'colun'),(89,'???'),(2004,'comacaoeduc'),(1313,'comamoriamorim'),(706,'comaquend'),(240,'comass'),(1488,'comcampsit'),(307,'comcineast'),(327,'comcomerc'),(475,'comcontact'),(901,'comcurrently'),(1038,'comerc'),(524,'comescut'),(1476,'comhttp'),(1754,'cominstabi'),(1916,'comissuu'),(1863,'comjessvi'),(476,'comkius'),(477,'comlinktr'),(635,'commacedom'),(688,'commercialcura'),(354,'commissiom'),(2023,'communitynewyorkwww'),(426,'complex'),(1034,'compos'),(699,'composi'),(1180,'compr'),(2064,'comprojetoafr'),(1004,'compublic'),(463,'comrepresented'),(1826,'comretinalatinoamer'),(1317,'comsoundcloud'),(316,'comtv'),(368,'comum'),(128,'comunic'),(757,'comunicaca'),(1095,'comuniclog'),(1025,'comunidad'),(1678,'comwww'),(669,'comyoutu'),(1015,'com'),(1998,'conclus'),(909,'condem'),(1768,'conex'),(454,'confeitariafilm'),(1665,'conhec'),(1465,'connec'),(2040,'consig'),(1140,'const'),(934,'constitu'),(1049,'consult'),(1125,'cont'),(1527,'contact'),(156,'contat'),(88,'???????????????????'),(1118,'contm'),(661,'contemporne'),(1708,'contemporanyart'),(2167,'contemporary'),(694,'contemporaryand'),(2014,'contemporarywww'),(1371,'conteud'),(99,'contratehiltinhofantas'),(1225,'convec'),(1667,'convit'),(1450,'coolhunterfavel'),(2206,'cop'),(1969,'copy'),(2095,'copy_link'),(1955,'coquit'),(810,'cor'),(1236,'cor_m'),(1694,'cora'),(414,'corag'),(21,'cord'),(357,'coregraf'),(1716,'corolari'),(800,'corp'),(84,'?????'),(975,'corpoart'),(2141,'corr'),(2089,'corred'),(1229,'correntezamostr'),(54,'cosit'),(1293,'costur'),(1091,'country'),(284,'covis'),(111,'cozinhawww'),(852,'cpx'),(277,'crea'),(2083,'creat'),(119,'creativ'),(1296,'cresc'),(927,'cri'),(395,'cria'),(318,'criacabel'),(893,'criando'),(283,'criol'),(657,'cristianduart'),(808,'crt'),(832,'cruz'),(1116,'cryptoart'),(25,'cryptoart_br'),(1113,'cryptoart_brart'),(740,'cucetasproduco'),(1811,'cuiab'),(126,'cult'),(895,'cultu'),(1200,'culturais'),(1576,'cultural'),(16,'cur'),(57,'cura'),(70,'curad'),(2098,'curadoriaepesquis'),(334,'curandeirale'),(1876,'curator'),(1981,'curiosaretinalinktr'),(252,'currently'),(1467,'cx'),(1898,'cxluizferr'),(490,'cyclon'),(879,'s'),(890,''),(881,''),(98,'da'),(1400,'dacordobarr'),(19,'dad'),(947,'dagazinfluenc'),(1656,'daily'),(1161,'dak'),(1162,'dak_artbiennal'),(1635,'damascen'),(123,'dan'),(365,'danadosfam'),(1892,'dancerbrazil'),(233,'dancersandmotherhoodmom'),(1673,'dant'),(1398,'dasfontesdeaguacristalinamanau'),(577,'data_lab'),(1680,'davi'),(96,'dazonaaaaaaaaaaalnk'),(549,'decolon'),(1433,'decolonial'),(1364,'dedic'),(809,'defeit'),(798,'degografitcontat'),(1725,'deix'),(1410,'deizetigr'),(121,'dendez'),(122,'dendezeirotropicallinktr'),(656,'deng'),(1833,'dentr'),(529,'deput'),(1700,'desal'),(1163,'desatin'),(559,'desavex'),(538,'descent'),(924,'desconstru'),(1650,'desenh'),(1269,'desenvolvimento1'),(110,'design'),(1568,'desinfluen'),(2197,'desliz'),(2132,'desped'),(1923,'dess'),(1763,'destaqu'),(981,'deu'),(1577,'devag'),(1470,'df'),(1256,'dhiov'),(2161,'di'),(367,'dia'),(2002,'diadem'),(1360,'diri'),(1693,'disp'),(744,'diaspr'),(1738,'diasporagal'),(1498,'die'),(858,'diferen'),(721,'difcil'),(1624,'difus'),(1007,'dig'),(17,'digit'),(1710,'diogonog'),(903,'dir'),(356,'dire'),(120,'direc'),(841,'direct'),(2116,'direit'),(1711,'dirneiprat'),(1079,'disc'),(995,'disneyplusbr'),(1727,'dispon'),(1178,'distop'),(1076,'divers'),(2049,'divulg'),(935,'diz'),(1241,'dj'),(1050,'dm'),(1119,'dna'),(1608,'doacaoacervodalaj'),(655,'doc'),(691,'docent'),(1884,'documentary'),(1849,'doisum___du'),(1497,'don'),(2072,'dor'),(1341,'dot'),(732,'dou'),(127,'doutor'),(739,'doutorand'),(2195,'dp'),(1402,'drag'),(791,'dramaturg'),(1707,'draw'),(2013,'drawing'),(815,'dre'),(1060,'drikbarb'),(1596,'driv'),(1819,'drivesdk'),(958,'driving'),(1532,'dudxdudy'),(951,'dyanadsant'),(891,''),(886,''),(949,'eba'),(1175,'eca'),(507,'edico'),(2065,'editor'),(944,'eduard'),(1606,'eduardodo'),(124,'educ'),(1784,'educaocontat'),(1582,'educadoraintegr'),(343,'educadoramestr'),(2078,'educadorcorinthianomaloqueiroafroamerindioduksz'),(2149,'educaoagr'),(93,'ee'),(1370,'ehch'),(733,'ekcan'),(2164,'el'),(2168,'electronic'),(1996,'elefal'),(684,'elegbaoj'),(531,'eleit'),(830,'elian'),(2124,'elianamorim'),(1722,'eliday'),(1390,'elu'),(1538,'elusp'),(539,'embaix'),(668,'emersonpontesbi'),(838,'emic'),(1911,'emoc'),(788,'emocion'),(647,'empoder'),(1372,'empreend'),(1306,'en'),(839,'encomend'),(336,'encruzilhadasv'),(148,'enfatiz'),(1803,'eniv'),(624,'ensai'),(2021,'ent'),(1793,'entrev'),(1668,'envi'),(802,'ep'),(1963,'episod'),(1967,'eptvgmhczw'),(2203,'equilibri'),(1434,'er'),(1107,'es'),(1933,'escam'),(931,'escass'),(1846,'escol'),(376,'escoladapret'),(1601,'escolaplataform'),(1682,'escolarepertoriowww'),(279,'escolarevolution'),(785,'escrev'),(555,'escri'),(628,'escrit'),(964,'escritoraapresent'),(449,'escul'),(1651,'escult'),(948,'esculturamestr'),(769,'escut'),(167,'esin'),(939,'espetcul'),(530,'estad'),(344,'estud'),(683,'estudioronc'),(384,'estudosgasp'),(1781,'etasescsp'),(820,'etn'),(345,'tnic'),(258,'etopia_zgz'),(967,'euempregadadomesticamarketing'),(1096,'eusubindoemcarr'),(972,'event'),(1460,'execu'),(1776,'exib'),(2075,'exist'),(1974,'xodu'),(1363,'experi'),(1361,'experiment'),(1061,'expert'),(855,'explcit'),(2117,'expograf'),(1122,'expos'),(2041,'exposica'),(1405,'exposio_'),(1367,'express'),(215,'exu'),(1887,'exustico'),(451,'f0liwlxlzhg'),(1473,'fabiosett'),(1235,'fabric_tex'),(1031,'fa'),(1593,'falando_emart'),(339,'faleconoscoakuab'),(1057,'fam'),(183,'famintabiaferr'),(500,'farmri'),(59,'fashion'),(692,'fasm'),(1616,'fau'),(1067,'favel'),(857,'faz'),(724,'f'),(1798,'featur'),(1484,'feel'),(1859,'feit'),(1886,'fem'),(1085,'femal'),(1242,'fern'),(2175,'festadamartaaudiovisualsound'),(747,'festiv'),(1557,'festivalbixanag'),(575,'festivalentretod'),(682,'festivalmulambojazzagrari'),(1925,'fever'),(1457,'ffm'),(311,'ffp'),(2055,'fian'),(2199,'fic'),(1080,'fidalgoproducoescolun'),(468,'figur'),(394,'figurin'),(1788,'fil'),(1132,'filh'),(76,'film'),(1086,'filmmak'),(1448,'filmmakerrj'),(543,'filosof'),(2034,'filosofiaviv'),(1064,'filtr'),(2162,'fim'),(863,'fineart'),(2181,'fio_______'),(765,'fir'),(1274,'firmeproduco'),(878,'fit'),(1066,'fl'),(1743,'flavio_camargo_seresprmi'),(439,'foc'),(570,'foieuquefiz'),(568,'foieuquefizbit'),(597,'fojune'),(359,'folclr'),(1597,'fold'),(1946,'fomepablovi'),(115,'forb'),(959,'forc'),(44,'form'),(1304,'formadah'),(2148,'formaoemart'),(2204,'formig'),(203,'fortalec'),(866,'fot'),(304,'fotograf'),(230,'found'),(2100,'fractalart'),(1017,'fre'),(235,'fridakahlothefrenchielinktr'),(285,'from'),(914,'frut'),(2063,'ftiag'),(35,'fund'),(560,'funk'),(2205,'futebol'),(898,'gab'),(899,'gabrielrib'),(1059,'gabyamarantoscoregraf'),(930,'gal'),(1820,'galeriabas'),(1492,'galeriacaval'),(2028,'galeriaestaca'),(1831,'galeriafr'),(1835,'galeriafrentewww'),(1055,'galeriainox'),(963,'galerialuisastrin'),(1238,'galerialum'),(1848,'galerianararoeslerpartnership'),(1739,'galeriaperiscopiowww'),(131,'galeriaprovidenc'),(701,'galeriavermelh'),(1890,'galery'),(605,'gallery'),(1806,'gallerysesctv'),(1868,'gam'),(1745,'ganhadoresentrev'),(630,'garrel'),(1221,'garridogal'),(933,'gatilh'),(2009,'gd'),(1661,'gda'),(1655,'gdart'),(309,'geasur'),(1129,'gemini'),(102,'gen'),(1435,'gner'),(1619,'generativeart'),(1431,'genetic'),(2126,'geotint'),(22,'geral'),(636,'gerent'),(452,'geretyaward'),(125,'ges'),(1199,'gest'),(917,'gevi'),(900,'ghr'),(12,'gif'),(2010,'gilbef'),(2177,'girl'),(2119,'girosaosollinktr'),(654,'glob'),(966,'globoplaycri'),(1761,'globoplayexpos'),(1058,'gloriagroov'),(62,'gmail'),(515,'gnt'),(1157,'go'),(1190,'goin'),(1186,'goiaz'),(1549,'gonal'),(1148,'good'),(457,'googl'),(276,'googlebrasil'),(186,'goooold'),(1536,'gooooldlinkr'),(723,'gost'),(1427,'gov'),(1173,'gp'),(2106,'gpeav'),(982,'gradu'),(867,'graf'),(1280,'graffit'),(2120,'graffiteirasnegr'),(1595,'graffiteirasnegrashttp'),(1423,'grafit'),(722,'grand'),(911,'graosdaim'),(1799,'grav'),(1523,'greenlheslinktr'),(943,'griotcontat'),(953,'grit'),(596,'groov'),(1089,'ground'),(946,'gru'),(2123,'grupo_nzingalinktr'),(1127,'guarulh'),(1212,'guilherminaaugust'),(1948,'habilit'),(1,'hack'),(1147,'had'),(61,'hanayranegr'),(2046,'har'),(1480,'hariadn'),(42,'harvard'),(1203,'hath'),(2018,'he'),(72,'head'),(94,'heli'),(1479,'helois'),(1822,'helosanvoy'),(629,'henriqu'),(1986,'her'),(2114,'heylink'),(282,'hi'),(876,'hip'),(690,'hist'),(51,'histr'),(1575,'histori'),(1261,'histrialinktr'),(185,'hoa'),(1732,'hom'),(2054,'honr'),(877,'hop'),(609,'hor'),(341,'horizont'),(552,'hotmail'),(421,'houseofbush'),(491,'houseofcyclon'),(1099,'houseofmambanegramain'),(1100,'houseofwestbrazil'),(1783,'hr4cuqbn268'),(1662,'html'),(197,'http'),(1827,'hudson'),(960,'hum'),(547,'human'),(748,'hun'),(2102,'hutucastingart'),(1840,'ia'),(1829,'iag'),(2130,'ianah'),(645,'idealiz'),(1318,'idlibr'),(519,'idwork'),(1016,'if'),(1838,'ig'),(173,'igb'),(1734,'igboartetemp'),(196,'igiayedun'),(1836,'igorrodrig'),(1924,'igualdadeat'),(689,'iibirapitang'),(208,'il'),(997,'ilanabrakarz'),(851,'il'),(199,'ileaiyeofic'),(198,'ileaiyeoficiallinktr'),(1782,'ileaseojuoya_oficialyoutu'),(206,'iluobademin'),(1774,'iluobayoutu'),(556,'ilustr'),(2032,'ilustra_pretaartes'),(1502,'ilustrapretice_p'),(1563,'ilustrapreticepalinktr'),(1394,'imag'),(1731,'imag'),(678,'imagin'),(223,'imagineedesenh'),(224,'imagineedesenhewww'),(1560,'imbox'),(1223,'img'),(719,'imoreirasall'),(1001,'imprens'),(861,'impress'),(257,'in'),(650,'incont'),(101,'ind'),(292,'independ'),(1240,'independentebooking'),(1737,'independenterepresent'),(1393,'independentev'),(404,'index'),(290,'indgen'),(1445,'indigena25'),(2105,'indgenapesquis'),(697,'inf'),(2048,'infnc'),(1952,'infantil'),(1679,'infernin'),(535,'influent'),(1677,'infrnin'),(264,'ingress'),(236,'ingridsilvadanc'),(677,'inhotim'),(936,'inci'),(1167,'iniciatedc'),(1299,'inraizamik'),(1632,'instabi'),(1773,'instadoquint'),(2091,'instagr'),(2011,'instal'),(2012,'installatiom'),(1724,'instant'),(1463,'institutocri'),(1542,'institutoinclusartiz'),(888,'institutonu'),(1920,'institutopretosnov'),(1795,'ntegrawww'),(1910,'intelig'),(1149,'intentionscomedian'),(392,'interdisciplin'),(660,'interi'),(50,'investig'),(1775,'ioc2o9usxfc'),(799,'iommideg'),(742,'ipeafr'),(1571,'ir'),(1208,'iril'),(242,'irmasdepau'),(244,'irmasdepaud'),(734,'irmasdepaugest'),(239,'irmastr'),(1144,'irritiertestadt'),(715,'is'),(1689,'it'),(990,'itabun'),(269,'itamarac'),(928,'ita'),(1630,'item72'),(1631,'item72forcollec'),(1193,'ivan'),(1885,'iyagbakilomboterritri'),(169,'yw'),(615,'jagun'),(1851,'jaimelauri'),(2190,'jan'),(1854,'januariogarc'),(1688,'japeri'),(2007,'jardim'),(1894,'javett'),(355,'jefcors'),(1858,'jeffazart'),(2074,'jeit'),(390,'jessicagasparofic'),(1991,'jesu'),(919,'jo'),(557,'job'),(2036,'joinvill'),(378,'jokan'),(940,'jorg'),(792,'jorgeprasempreveraopesquis'),(1416,'jorn'),(833,'jornal'),(675,'jornalistaidealiz'),(1870,'josafanev'),(1605,'jos'),(1068,'josu'),(322,'josy'),(854,'jot'),(381,'jotamombac'),(2112,'juc'),(369,'jucaramarc'),(801,'juz'),(1866,'juk7j5t3yk'),(2193,'jul'),(2146,'julianaferv0'),(380,'julianavic'),(2115,'julianaxukuru'),(1516,'julype'),(567,'juni'),(807,'jupdobairr'),(363,'jur'),(2122,'jurem'),(514,'just'),(1525,'kaaiuru'),(435,'kaeguajaj'),(580,'kafuzak'),(441,'kamikiakisedj'),(1471,'kanaizagallery'),(828,'kanayko_art'),(1309,'kardumeprodbeacom'),(36,'kayatibu'),(146,'kayoalooh'),(1874,'keilasankof'),(1202,'kemetic'),(174,'kettracej'),(2163,'keyn'),(462,'kikacarvalh'),(135,'kinoyetu'),(467,'kiusampublic'),(294,'km'),(1233,'kod'),(1988,'konsthall'),(749,'kuin'),(2191,'kunstmuseumwolfsburg'),(379,'kuparak'),(1447,'kymbv7d1bg'),(1159,'la'),(1383,'lab___'),(687,'labaraque_creativ'),(1030,'labcorpasquebr'),(1823,'ladybird'),(617,'lakapoyfilm'),(712,'lamb'),(708,'lambesgoia_maranhosilvanamendesfot'),(526,'lan'),(509,'lariss'),(516,'larissaluz'),(1545,'laryssamach'),(1137,'laspalozaspesso'),(600,'latin'),(234,'laur'),(1155,'lausann'),(1657,'lazy'),(1800,'lazygoatwork'),(1879,'leandromunizdesous'),(623,'lei'),(1586,'leledeoy'),(1805,'lem'),(438,'lent'),(969,'leokings5'),(179,'lesbiterianaigrej'),(351,'lest'),(582,'letr'),(794,'lgbtq'),(1469,'lham'),(268,'lia'),(1271,'lic'),(1501,'licenciat'),(1891,'lidialisbo'),(1787,'lig'),(729,'lik'),(2087,'lim'),(1352,'lineaaa'),(1353,'lineaaaa_'),(2,'lingu'),(386,'link'),(1653,'linkedin'),(338,'linklist'),(502,'linktaplink'),(112,'linktr'),(1009,'linndaquebr'),(726,'liones'),(2178,'lisboalinktr'),(1590,'list'),(704,'literat'),(520,'liv'),(335,'livr'),(1573,'livros2022'),(278,'llc'),(424,'lojadaka'),(728,'look'),(1187,'lot'),(1188,'lote'),(2158,'loveasmethod'),(1713,'lu'),(686,'luis_maluf'),(413,'luis_malufguilhermekidd'),(1960,'lusjoyc'),(1794,'lukarman'),(1176,'lula2022'),(705,'lunavitroliraproduca'),(1987,'lund'),(1136,'lut'),(569,'ly'),(1537,'m0xc4'),(55,'m'),(634,'macedomariar1'),(1535,'machin'),(1325,'mad'),(1856,'madalen'),(1904,'madeiradedentr'),(864,'me'),(1684,'magazin'),(190,'maghreb'),(161,'mai'),(155,'mail'),(1282,'mair'),(415,'maj'),(1714,'malufluismaluf'),(638,'mam'),(1247,'mamb'),(1540,'mamofic'),(873,'man'),(589,'manau'),(330,'mandigueirasacerdotis'),(478,'???'),(1426,'mapacult'),(1104,'mapbrasil'),(1623,'mape'),(1328,'mar'),(1326,'maraj'),(916,'maranh'),(349,'marc'),(1740,'marceldiog'),(427,'marcan'),(517,'mareproducoescult'),(588,'marg'),(1258,'mariss'),(193,'?????????'),(1020,'marshaofic'),(1006,'martin'),(1992,'marwww'),(49,'masp'),(1878,'masplinktr'),(1376,'matheusalme'),(1388,'mauricioig'),(781,'maximalistacur'),(824,'mba'),(2183,'mblosangelesrj'),(702,'mc'),(2129,'meapxpelofiltroqueprojeteiemvclinktr'),(1555,'med'),(572,'medi'),(1808,'mediaid'),(306,'medium'),(152,'mei'),(907,'memb'),(591,'memr'),(1977,'memoriacarandiru'),(85,'???????????'),(2053,'men'),(95,'menez'),(1065,'menin'),(1278,'menv'),(1520,'merc'),(819,'mesp'),(1117,'mesti'),(2200,'mestiz'),(310,'mestr'),(2150,'mestrand'),(1637,'mg'),(342,'mgpesquis'),(1917,'michelcena7'),(1211,'md'),(1297,'mika_raiz'),(778,'milhaz'),(777,'milhazesbeatriz'),(1888,'millan'),(253,'mimosa2k'),(868,'min'),(1281,'mir'),(1277,'miranap'),(1018,'mistery'),(1422,'mityzipass'),(1249,'mixcloud'),(1841,'mj'),(187,'mjourn'),(1442,'moaratupinamb'),(711,'mobgraf'),(1510,'mobius_hqwww'),(897,'mocaprosasamb'),(109,'mod'),(1322,'model'),(698,'moisespatricio22'),(988,'molon'),(1683,'mom'),(220,'momentoscom'),(429,'mon'),(1336,'monicavent'),(1294,'mont'),(1103,'mor'),(151,'mort'),(534,'most'),(488,'moth'),(1092,'mov'),(320,'mozambalinklist'),(315,'mozambaproduca'),(603,'mr'),(1232,'mrnsza'),(466,'ms'),(474,'mskius'),(2171,'msupernov'),(1812,'mtcontat'),(1816,'mtprojetosdeart'),(856,'mtprojetosdeartetent'),(671,'mu5ps8pw'),(228,'mud'),(27,'muit'),(1438,'muitodire'),(1928,'mulambet'),(204,'mulh'),(472,'mult'),(15,'multiart'),(1554,'multiartistasoc'),(1391,'multilingueestud'),(1627,'multimed'),(1451,'multimdiamestr'),(229,'mund'),(87,'?????'),(1640,'mundoatu'),(1002,'muniky'),(766,'munrat'),(1381,'muradesign'),(710,'mural'),(540,'mus'),(1603,'muse'),(2096,'muselog'),(1158,'museu_mapadak'),(1022,'museuafrobrasilum'),(1973,'museudac'),(1778,'museudalinguaportuguesajulianadossant'),(1382,'museudasculturasindigenasdire'),(160,'museudeartedori'),(703,'msic'),(2169,'musicsound'),(814,'my'),(1348,'myportfoli'),(1599,'mztcqv6cgwk3k76ovhtw'),(1093,'nacion'),(693,'nafaapcolabor'),(2051,'naf'),(1844,'nano_ufrjestagir'),(649,'narr'),(1720,'narrativas_que_se_encontramwww'),(1638,'nasc'),(1310,'natheferr'),(2143,'nativaagr'),(1043,'natur'),(2137,'nazareso'),(1504,'nb'),(497,'nci'),(45,'ne'),(1945,'negojuni'),(541,'negr'),(147,'negrajho21'),(1359,'negraoluc'),(1286,'negritud'),(658,'net'),(260,'netflix'),(1075,'netflixbrasil'),(248,'new'),(1618,'newmed'),(1114,'nft'),(1843,'nfteducadorapesquis'),(1355,'nia'),(74,'nicho54br'),(973,'night'),(1717,'ningum'),(104,'nip'),(1495,'nirv'),(86,'??'),(1259,'noan'),(1201,'nomadic'),(1533,'non'),(1414,'nord'),(523,'nordestinacontatobixart'),(1218,'nosgal'),(756,'nov'),(753,'novembr'),(825,'nro'),(573,'nscasting'),(255,'nts_radi'),(874,'ncle'),(1585,'nucleocorpore'),(2128,'nupaa_favufg'),(908,'o_balanc'),(599,'b'),(1810,'objet'),(586,'obopoit'),(393,'obr'),(594,'od'),(850,'ode'),(2208,'odecrew'),(2131,'odei'),(410,'oest'),(58,'of'),(779,'offic'),(564,'ofic'),(1950,'oficin'),(1123,'oficinas'),(1181,'oficinascult'),(1958,'oficinatraquit'),(772,'og'),(461,'oi'),(403,'oj'),(593,'okan'),(1487,'okun'),(789,'ola'),(505,'olalarissadesouz'),(2003,'olarobinhosant'),(1192,'ole'),(1670,'olh'),(1315,'olind'),(1209,'oliveiracontat'),(362,'olodum'),(1912,'omagal'),(613,'m'),(140,'on'),(1395,'ondeguardootemp'),(1459,'onipres'),(188,'onlin'),(1461,'onlineart'),(1146,'only'),(1331,'opera'),(352,'orc'),(2165,'ord'),(138,'org'),(648,'organiz'),(1570,'orgulhom'),(1521,'ori'),(1524,'oricursoseoficin'),(614,'r'),(2111,'ororub'),(955,'orumaiyecult'),(171,'orumilameakpal'),(170,'liyapeteb'),(1182,'oswald'),(53,'otr'),(296,'ou'),(1934,'our'),(29,'ourm'),(1919,'ourubuat'),(295,'outlook'),(787,'outr'),(166,'we'),(2088,'owillart'),(1090,'own'),(1881,'oxum'),(1882,'oy'),(1284,'pa'),(1268,'paart'),(1320,'paartiv'),(2155,'pablolafp'),(2000,'pacaju'),(1347,'pacarolynnemat'),(717,'pact_zollverein'),(1559,'pafa'),(389,'pag'),(829,'pgin'),(1481,'paint'),(1474,'painting'),(621,'pait'),(1343,'pal'),(1691,'palavr'),(1121,'palestr'),(1954,'palh'),(1386,'pamestr'),(432,'pan'),(1649,'papel'),(30,'par'),(1401,'paraens'),(834,'paramountplusbr'),(1000,'paranoid_br'),(667,'parc'),(2081,'part'),(637,'particip'),(1548,'pasesc'),(2154,'pssar'),(80,'passatemp'),(579,'pataxanarcopunkartystyfavelady'),(1101,'patfudyd'),(214,'patron'),(31,'paul'),(195,'????linktr'),(423,'pavunakid'),(1676,'payp'),(2125,'pb'),(1792,'pdf'),(768,'pe'),(218,'pedagogailustr'),(1900,'pg'),(1932,'peix'),(1062,'pel'),(1922,'penh'),(548,'pens'),(536,'peopl'),(1206,'per'),(1035,'perfeit'),(775,'perfil'),(764,'perform'),(1641,'performanc'),(918,'performanceart'),(1042,'perfum'),(1999,'pergunt'),(401,'periodicoscientif'),(553,'permit'),(1772,'pernaltasdoorun'),(1327,'pert'),(71,'pesquis'),(782,'pesquisadoraadjunt'),(2121,'pesquisadoratambm'),(2033,'pesquisadorform'),(631,'pesquisapraz'),(219,'pesso'),(1957,'peterdebrit'),(1153,'petrolin'),(300,'photograph'),(1142,'photography'),(405,'php'),(65,'pi'),(2140,'piercing'),(1647,'pigment'),(844,'pin'),(1197,'pinacotec'),(1594,'pinadigitalmau'),(847,'pint'),(1918,'pinturas_enciclop_dia_negr'),(2138,'pintx'),(182,'pinutsmusicagency'),(2082,'piolhonabab'),(1744,'pip'),(664,'????'),(1213,'piritub'),(1993,'piv'),(1541,'pivoartepesquis'),(1607,'pix'),(1115,'pixelart'),(1588,'pjz'),(610,'plant'),(33,'pls'),(2044,'plasticamend'),(804,'plataform'),(921,'plataforma_explod'),(1591,'plf63fqzihjqucdcqjasrev8u86tb814p'),(1289,'po'),(1718,'pod'),(231,'podh'),(1185,'podu'),(1333,'po'),(108,'poes'),(329,'poesy'),(522,'poet'),(587,'pl'),(100,'polmat'),(1875,'polissemic'),(1681,'pont'),(1338,'pop'),(938,'popul'),(465,'portasvilasec'),(1301,'portifoli'),(1786,'poss'),(1766,'possibil'),(1643,'possvel'),(1291,'possourban'),(1997,'pouc'),(1024,'pov'),(1171,'povjesni'),(2020,'pow'),(1357,'ppgart'),(2097,'ppgasmnpesquis'),(1334,'ppgav'),(1771,'ppum'),(347,'pra'),(1777,'pra'),(319,'preludiosnegr'),(663,'?????'),(642,'premiopip'),(643,'premioselect'),(743,'preserv'),(1578,'press'),(1307,'pret'),(1266,'pretaamazn'),(598,'pretafalapramimmm'),(281,'pretailustr'),(1697,'pretalinktr'),(371,'pretaportefilmesdire'),(1375,'pretasparidasdeamazon'),(583,'pretindiaart'),(243,'princes'),(803,'princip'),(1531,'priscilarezendeart'),(374,'pro'),(1033,'proc'),(904,'prod'),(301,'prodigofilm'),(444,'produ'),(2172,'produca'),(487,'produt'),(2035,'produz'),(773,'profes'),(780,'profil'),(1290,'profund'),(872,'program'),(267,'programaca'),(1583,'programapia_'),(77,'programm'),(73,'programming'),(1620,'projecoesyoutu'),(1758,'projectatlanticsdivin'),(646,'projet'),(1625,'projetoafr'),(2118,'projetokalung'),(759,'projetoraizfort'),(200,'promov'),(1139,'pronom'),(806,'propost'),(134,'providenc'),(1010,'psiclog'),(2029,'pt'),(518,'publ'),(383,'public'),(923,'publicit'),(544,'puc'),(1222,'pul'),(1704,'pung'),(442,'pur'),(1553,'pv'),(885,''),(880,''),(1622,'qia'),(979,'quack'),(862,'quadr'),(2060,'quadragal'),(1424,'quadrin'),(1138,'qualqu'),(626,'quar'),(1701,'quas'),(1883,'que'),(3,'quebr'),(297,'queen'),(974,'queerart'),(440,'quest'),(1695,'quilomb'),(1023,'quilombol'),(483,'ra'),(1944,'ra'),(1094,'raci'),(372,'racion'),(679,'radic'),(262,'rainh'),(816,'rais'),(1295,'raiz'),(1971,'ramific'),(1978,'ramifiquemoslinktr'),(1979,'ramo_'),(2001,'rapaz'),(287,'rapp'),(450,'rapyoutu'),(1982,'raquel_bacel'),(1644,'raylandermartismartil'),(1652,'reaiswww'),(1741,'real'),(1871,'realiz'),(1411,'realtic'),(406,'rebeh'),(1980,'rebeld'),(7,'recif'),(566,'record'),(1951,'recre'),(653,'red'),(962,'redenamirepresented'),(882,'redetumult'),(1611,'reencant'),(954,'reexistnciacofund'),(391,'registr'),(1994,'reitchelkomchbit'),(498,'relig'),(641,'renatafelintostudi'),(700,'represent'),(222,'representat'),(1889,'representation'),(479,'represented'),(1170,'research'),(1245,'resid'),(1234,'residency_ny'),(256,'resident'),(1769,'resist'),(1765,'respir'),(1039,'respost'),(925,'ressignific'),(633,'retir'),(913,'retorn'),(1285,'retrat'),(2005,'revel'),(1696,'revistaruidomanifest'),(720,'revistazum'),(1613,'revolt'),(157,'rhay'),(1406,'ria'),(1507,'rib3irih0'),(1821,'ribotgallery'),(961,'right'),(915,'rio'),(639,'riomestrand'),(2156,'riolov'),(143,'rising'),(968,'rit'),(411,'rj'),(2071,'rj_lembr'),(303,'rjjuh'),(1663,'rjlinktr'),(1921,'rjo'),(1550,'rjwww'),(2144,'rn'),(168,'r'),(2006,'rob'),(1134,'rodel'),(1828,'rodrig'),(1164,'romnticoart'),(2015,'rommul'),(619,'rondn'),(1690,'roodeart'),(2016,'ros4'),(1759,'rot'),(652,'roteir'),(996,'roteiristaagenc'),(627,'roup'),(823,'row'),(1177,'rtist'),(932,'ru_anu'),(373,'rua'),(1751,'rubianema'),(2192,'rubinfoundation'),(2008,'ruyc'),(1837,'rvculturaeart'),(1342,'sab'),(2026,'sabo'),(513,'sai'),(400,'saib'),(1078,'sal'),(24,'saltosoundsyst'),(1036,'salv'),(1602,'salvadoresp'),(67,'samb'),(1780,'sambadedand'),(2056,'sambaquigaleriadeart'),(1942,'sambarockdiquebr'),(1941,'sambarocknave'),(2025,'samuel'),(1246,'sangramut'),(2147,'sankof'),(259,'sant'),(2031,'santidi'),(194,'??'),(1378,'saotheuzolh'),(291,'sapat'),(227,'sapatilh'),(1756,'saxofon'),(755,'sayonarasart'),(1671,'sayt4n'),(1893,'scenoram'),(718,'scholarship'),(1219,'sciencestudi'),(141,'scorching'),(1070,'screenwrit'),(1628,'sculp'),(1865,'sculptoryoutu'),(1842,'sd'),(144,'sea'),(2166,'secret'),(1852,'scul'),(1494,'see'),(2047,'seem'),(1063,'seg'),(1358,'segueapororokamedium'),(446,'sel'),(1551,'select'),(941,'sempr'),(987,'sen'),(1953,'sni'),(420,'sens'),(1369,'sensor'),(1340,'ser'),(1569,'serbrasili'),(1698,'serenad'),(2042,'sergi'),(494,'sergip'),(1807,'seri'),(1580,'serieanay'),(2176,'serigraf'),(137,'serpentinegalleri'),(1449,'serpurpur'),(2110,'serr'),(1133,'sert'),(1486,'sertao_negr'),(1191,'sertaonegroart'),(416,'sescconsolacaoescuntyv'),(1610,'sescpompe'),(1975,'sescsant'),(266,'sescsp'),(254,'set'),(1226,'setembr'),(460,'sf_link'),(241,'shambaral'),(1189,'shangry'),(2101,'shashamanebraidsmodel'),(1483,'she'),(1940,'sheylaayo_'),(113,'shim'),(75,'short'),(205,'show'),(906,'showoencontroboard'),(1965,'si'),(2068,'si7_dx_wo8c'),(993,'sid'),(1508,'sig'),(1850,'silenciocoletivowww'),(713,'silvanamendesfot'),(920,'sim'),(1046,'smbol'),(9,'sinc'),(929,'singl'),(745,'sit'),(1626,'sitelinktr'),(869,'slamm'),(542,'slammarginaliadr'),(1243,'smartbiz'),(46,'sme'),(133,'so'),(681,'sobinfluenc'),(786,'sobr'),(1102,'sobrenom'),(129,'soc'),(983,'sociolog'),(1897,'sok'),(2180,'sol'),(485,'solt'),(2017,'som'),(611,'sombr'),(602,'son'),(2160,'sorr'),(63,'soteroparnaulist'),(1250,'soundcloud'),(510,'souz'),(47,'sp'),(991,'spa'),(1231,'spac'),(486,'spart'),(1939,'spartelinktr'),(314,'spartistashow'),(1544,'spcargocollectiv'),(550,'spcontat'),(154,'spe'),(1151,'speakercritic'),(1462,'speducatriz'),(870,'spoken'),(1366,'spor'),(1962,'spotify'),(545,'spprof'),(1927,'spsaquarem'),(1464,'spset'),(246,'spwww'),(926,'squad'),(1051,'ssa'),(1733,'ssace'),(1862,'ssaoijessvi'),(1003,'stampacomunicaca'),(82,'stori'),(994,'story'),(1150,'storytell'),(1629,'strategist'),(805,'streaming'),(1931,'studiomus'),(1989,'suc'),(142,'sum'),(1642,'superfci'),(986,'supl'),(1675,'support'),(622,'suru'),(2079,'swandersongom'),(1726,'tal'),(965,'talkfiv'),(1855,'to'),(1384,'taplink'),(191,'targaryen'),(1041,'tarlog'),(1044,'tarot'),(176,'tatianahenriqu'),(2139,'tatto'),(1853,'tb'),(272,'te'),(1205,'teach'),(2076,'teas'),(361,'teatr'),(68,'teatrobail'),(364,'tcn'),(1552,'tecnohibr'),(331,'tecnolog'),(1648,'tel'),(2198,'temp'),(1735,'tempo'),(1966,'teowbfklrd'),(388,'ter'),(69,'tercaafr'),(2057,'terciliadossantosw'),(1298,'teresin'),(912,'terr'),(2133,'terror'),(1252,'terroristasdelam'),(1260,'terroristasdelamor2018'),(2134,'terroristasdelamordemony'),(443,'teyxokaw'),(1485,'th'),(178,'thalmadefreit'),(727,'that'),(725,'the'),(1069,'theat'),(1466,'thegrid'),(1403,'themn'),(2019,'theyth'),(1482,'thing'),(1152,'thinkerhostes'),(2066,'tiag'),(1755,'tiagosantanaart'),(1365,'tic'),(1351,'tint'),(1373,'tintapreta_grif'),(1491,'tit'),(97,'to'),(576,'tocalivr'),(1108,'tcomapret'),(1646,'tom'),(1742,'tonibaptistebrasil'),(1374,'tpgraffit'),(762,'tr'),(418,'trabalh'),(1801,'tracy'),(1026,'tradic'),(1323,'tranc'),(937,'trans_naveg'),(1314,'transdiciplin'),(1196,'transdisciplin'),(1747,'transdisciplinary'),(1615,'transformaomarcelacantu'),(2196,'trnsit'),(1027,'transmasculinoart'),(5,'transmed'),(1165,'transmd'),(736,'transvitt'),(1456,'trator'),(2024,'travel'),(1764,'travess'),(970,'travest'),(1319,'travestibelm'),(737,'travesty'),(398,'trovoa__'),(2159,'trovoa__amlatin'),(1513,'trovoa__cilantr'),(1021,'trovoa__equip'),(1420,'trovoa__linktr'),(2113,'trovoa__mestr'),(644,'trovoa__renatafelinto78'),(2182,'trovoa__represented'),(1335,'trovoa__www'),(1330,'tsrsombr'),(746,'tud'),(2136,'tumblr'),(1440,'tupinamb'),(1275,'tur'),(1056,'turmalinas_negr'),(659,'turn'),(1130,'tux'),(2092,'tv'),(302,'tvglob'),(1377,'tvguapet'),(1824,'tvsp'),(430,'tybyr'),(887,''),(750,'ubatub'),(103,'uchinanchu'),(1387,'udescwww'),(632,'ue'),(977,'uem'),(130,'uerj'),(346,'ufb'),(984,'uff'),(2151,'ufggrav'),(950,'ufmg'),(402,'ufmt'),(1276,'ufp'),(1272,'ufpaapresent'),(1452,'ufpaperifr'),(2107,'ufpb'),(2109,'ufpefilh'),(640,'ufpel'),(774,'ufrb'),(1909,'ufrjpsicopedagog'),(1404,'uhurabque'),(1472,'uk'),(525,'lt'),(83,'??'),(1097,'uma'),(1421,'umapino'),(1961,'umaquestaodejoycesopen'),(1172,'umjetnost'),(2069,'unb'),(117,'und'),(2187,'unesp'),(2073,'nic'),(1592,'unifespseg'),(43,'university'),(836,'uolesport'),(817,'up'),(1895,'upyoutu'),(1350,'urban'),(1534,'usabl'),(1558,'use'),(41,'usp'),(2094,'utm_medium'),(1968,'utm_sourc'),(1013,'utop'),(1454,'utopias'),(625,'vam'),(387,'vao'),(1767,'vari'),(1468,'varioscorr'),(2145,'veacoroc'),(1475,'veganheloiisabranda'),(1120,'vegetarianoprojet'),(192,'velaryon'),(1283,'veloz'),(860,'vend'),(680,'venen'),(1389,'ventosdonort'),(731,'venturaminister'),(716,'venu'),(942,'ver'),(1432,'verific'),(1860,'vermelh'),(1547,'vervegaleria'),(52,'vest'),(707,'vez'),(840,'via'),(326,'viagempretafalecomajacy'),(325,'viaj'),(1005,'vic'),(149,'vid'),(13,'vide'),(1184,'videoart'),(1141,'videoartist'),(1198,'videomak'),(14,'videomapping'),(408,'view'),(459,'viewform'),(590,'vigi'),(1970,'vil'),(1730,'vilan'),(1705,'vilanismodiegocrux'),(1604,'vilm'),(456,'vineriadecastillodoc'),(1455,'vinil'),(843,'virtual'),(289,'visibilidadeindigenamulh'),(1029,'visuaisart'),(106,'visual'),(1752,'visualcur'),(2103,'visualdire'),(1839,'visualentusiast'),(1712,'visualgal'),(1214,'visualguilimafernand'),(672,'visualintegr'),(2170,'visualjob'),(1356,'visualmestr'),(1028,'visualpesquis'),(1311,'visualrecif'),(1344,'visualwapp'),(2067,'visualwww'),(238,'vitapereira'),(1106,'vitr'),(793,'viv'),(348,'voc'),(1779,'vocal'),(1477,'vog'),(1081,'voguebrasil'),(554,'vulnervel'),(1914,'vv'),(826,'wa'),(1493,'wann'),(1674,'want'),(1796,'watch'),(1984,'we'),(1947,'weebly'),(139,'what'),(714,'who'),(2086,'will'),(818,'with'),(1300,'wixsit'),(670,'wm'),(2045,'wood'),(871,'word'),(1672,'work'),(2022,'world'),(1930,'worldwww'),(469,'writ'),(177,'www'),(1124,'xadalufm'),(822,'xakriab'),(484,'xv'),(1220,'xyz'),(952,'yaho'),(2189,'yalaset'),(2099,'yamamayayama1ctt'),(848,'yaw'),(1446,'ye'),(271,'yearbook'),(2185,'yeddaaffin'),(2186,'yeddiss'),(333,'yemj'),(1499,'yet'),(493,'ynakab'),(489,'ynr'),(578,'yndygeny'),(1204,'yog'),(2080,'yolasit'),(1880,'yorub'),(163,'youtu'),(797,'youtub'),(1896,'ypnpyjnwq5'),(1194,'yunescur'),(26,'zaika_sant'),(1143,'zedepa'),(584,'zeferina_atak'),(181,'zeferinaproduco'),(1145,'zeundkathleen'),(1539,'zn'),(350,'zon'),(528,'zrf4f97y5a'),(165,'zrtklsj7ng'),(1506,'e0'),(884,''),(892,''),(1019,'');
/*!40000 ALTER TABLE `palavras` ENABLE KEYS */;
UNLOCK TABLES;

--
-- Table structure for table `perfis`
--

DROP TABLE IF EXISTS `perfis`;
/*!40101 SET @saved_cs_client     = @@character_set_client */;
/*!50503 SET character_set_client = utf8mb4 */;
CREATE TABLE `perfis` (
  `idperfil` int NOT NULL AUTO_INCREMENT,
  `perfil` varchar(50) NOT NULL,
  `bio` varchar(255) NOT NULL,
  PRIMARY KEY (`idperfil`),
  KEY `idx_perfis_bio` (`bio`)
) ENGINE=InnoDB AUTO_INCREMENT=408 DEFAULT CHARSET=utf8mb4 COLLATE=utf8mb4_0900_ai_ci;
/*!40101 SET character_set_client = @saved_cs_client */;

--
-- Dumping data for table `perfis`
--

LOCK TABLES `perfis` WRITE;
/*!40000 ALTER TABLE `perfis` DISABLE KEYS */;
INSERT INTO `perfis` VALUES (1,'@biarritzzz','hackear linguagens, quebrar cdigos\ntransmedia art  recife, brasil\nsince 2012\n | GIF | video | videomapping'),(2,'@zaikadossantos','Multiartista - Curadora de Arte Digital - Cientista de Dados\n@afrofuturism.as\nCord Geral @bsambrasil\n@saltosoundsystem\n@cryptoart_br\n?@zaika_santos'),(3,'@n.a.z.a.s\n\n','muita coisa\nOurm/Par/Brasil'),(4,'@rosanapaulino.oficial\n\n','So Paulo, Brasil'),(5,'@yaka.hunikuin',' Artista Plstica        \n Co-fundadora @kayatibu        \n Artes @aibukeneya        \n @aldeiachicocurumim ? /AC ??'),(6,'@glauceahelena','USP/Harvard University\nFormadora NEER - SME/SP\nCuradora assistente @masp'),(7,'@hanissimanegreiros','investigo histrias do vestir y otras cositas ms\nAdjunct Curator of Fashion at @masp\nhanayranegreiros@gmail.com'),(8,'@harry_de_castro','brasileiro  soteroparnaulistano (ba  pi  sp)\nartista  ativista  sambista\n@teatrobaile  @tercaafro'),(9,'@ursodelata','Curadoria e pesquisa\nHead of Programming @nicho54br\nShort films programmer @blackstarfest 22\n+ Otras cositas ms\n(passatempo: cantoria nos stories)'),(10,'@helesalomao','?? ????? ??????????? ?? ????? ?? ???????????????????@?????.???'),(11,'@helio.menezes','35 Bienal de SP @bienalsaopaulolinktr.ee/helio.menezes'),(12,'@herlanthere','dazonaaaAAAaaaaalnk.to/dazona'),(13,'@ohiltinhofantastico','?: contratehiltinhofantastico@gmail.com'),(14,'@shima.art.br','Polmata Indigena uchinanchu nipo-BrasileiroArtes visuais, cinema, poesia, moda, design & cozinhawww.linktr.ee/shima.art.br'),(15,'@hisandeverdade','?FORBES 30 UNDER 30CEO/creative director at @dendezeiro @dendezeirotropicallinktr.ee/dendezeiro'),(16,'@hsoliv','Artista da Dana, Educador, Pesquisador e Gestor Cultural? Doutorando em Comunicao Social - UERJ@galeriaprovidencia @bondedojack @sos.providencia'),(17,'@kiluanjikiahenda','@kinoyetu@ateliemutambawww.serpentinegalleries.org/whats-on/scorching-suns-rising-seas'),(18,'@negrajho','Assessor: @kayoalooha? negrajho21@gmail.com'),(19,'@r.h.a.y','?Enfatizando a vida atravs da morte por meio da arteBA / SPE-mail: contato@rhay.art'),(20,'@robertaholiday','Atuante das ArtesEAV?@museudeartedorio at maio 2023.youtu.be/zrtKLsJ7ngo'),(21,'@tatiana_henrique','we l\'esin ryw de lIyapetebi de OrumilaMeAkpal AlarinjAprendente Igba KetTracejada 7 direes Bakongolinktr.ee/TatianaHenrique'),(22,'@thalma','www.thalmadefreitas.com'),(23,'@igrejalesbiteriana','???????????????????? @lesbiterianaigreja? Booking ?? @zeferinaproducoes? Booking ?? @pinutsmusicagencyOUA FAMINTAbiaferreira.algohits.com'),(24,'@igiayedun','?? ??????????@hoa.goooold @mjournal.online? Benin - Brasil - Maghreb - ? Targaryen Velaryon ??? P@r!$ - ?? ????????? - ? ?? ?? ????linktr.ee/igiayedun'),(25,'@blocoileaiye','https://linktr.ee/IleAiyeoficiallinktr.ee/IleAiyeoficial'),(26,'@iluoba','Promover as culturas afro-Brasileira e africana e atividades para o fortalecimento da mulher.Contato para shows: iluobademin@gmail.com/ 11972579235youtube.com/c/Il%C3%BAOb%C3%A1DeMin'),(27,'@ilu.ina','Bloco Afro Afirmativo  Patrono Exu! ?linktr.ee/blocoafroafirmativoiluina'),(28,'@imagineedesenhe','??? @bruhbandeiraArtista|PedagogaIlustrando pessoas e momentoscom amor e Representatividade ?SP imagineedesenhe@gmail.com? #imagineedesenhewww.imagineedesenhe.com'),(29,'@ingridsilva','Ballerina,Author of A sapatilha que mudou meu mundo.Founder @podher @blacksinballet @dancersandmotherhoodMom of Laura & @fridakahlothefrenchielinktr.ee/IngridsilvaDance'),(30,'@irmasdepau','@afroboneca @vitapereiraa ??Contato: irmastravas@gmail.comAssista SHAMBARALAI ?????linktr.ee/irmasdepau'),(31,'@afroboneca','Princesa da Quebrada ?@irmasdepauDona do @bailedacucetaClipe de Shambaralai ??'),(32,'@dianelima','35 Bienal de SPwww.artnews.com/art-news/news/bienal-de-sao-paulo-2023-curators-1234621365'),(33,'@luizfelipelucas','ATLETA AFETIVO????currently:@mimosa2k set on @nts_radio  resident artist in @etopia_zgz  Paulo in SANTO @netflix  director of @aguantamigranta'),(34,'@liadeitamaracaoficial','?Rainha da Ciranda???Ingressos aqui ??www.sescsp.org.br/programacao/lia-de-itamaraca-5'),(35,'@pretailustra','46th Yearbook Creative Team of @clubedecriacao |#BlackCreatorProgram 2022For @googleBrasil & @creators.llc |?? @escolarevolution & @artbattlebr |linktr.ee/pretailustra'),(36,'@criola___','? hi@criola.coVisual Artist from Brasil |BH ? SP'),(37,'@katumirim','?Rapper & Atriz | creator @visibilidadeindigenaMulher INDGENA  sapato | artista independente? assessoria.km@outlook.com? OUA QUEEN BEE '),(38,'@uhalmeida','director and photographer? @prodigofilmes | @tvglobo?? BA | SP | RJjuh.fotografia@gmail.com'),(39,'@clementino.jr','https://clementinojunior.medium.comCineasta, Educador, Cineclubista.Doutorando em Educao (GEASur)Mestre em Educao (UERJ - FFP).apoia.se/atlanticonegro'),(40,'@josy.anne__','BH ?SPartistashows: mozambaproducao@gmail.comtv/cinema @agenciajabuticaba@criacabelos@preludiosnegros?oua - MOZAMBAlinklist.bio/Josy.Anne'),(41,'@jacycarvalho','Afrohairstylist  Creator  Viajante@viagempretafalecomajacy@gmail.comComercial @blackinfluence'),(42,'@janaina_nportella','Poesy MandigueiraSacerdotisa das tecnologias ancestrais?Yemja?Fundadora do Arte-CurandeiraLeia meu livro 7 Encruzilhadasvamos Pelas guas?linklist.bio/faleconoscoakuaba'),(43,'@janaina_mariamachado','Belo Horizonte-MGPesquisadora. educadoramestre em Estudos tnicos e Africanos (UFBA)'),(44,'@jeffcorsi','Arte pra voce e pra sua marca ???SP | Zona Leste ?Orcamentos|Commissions: jefcorsi@gmail.com ?'),(45,'@xorogan_zebrinha','Diretor e CoregrafoBal Folclrico da BABando de Teatro OlodumJurado tcnico #DanaDosFamososCia dia Comuns'),(46,'@jucaramarcal','jucaramarcal.com.brlinkme.bio/jucaramarcal'),(47,'@julianavicente.br','Founder  @pretaportefilmesDiretora  Racionais: Das Ruas de SP pro Mundo na @netflix?@afronta @escoladapreta @cafedapreta?Jokana Kuparaka?linktr.ee/julianavicente'),(48,'@monstraerratik','www.jotamombaca.com'),(49,'@livingcommons','N.A'),(50,'@jessicagasparoficial','@agogocultural : Shows e Publicidade.@estudosgaspar : Artes visuais.Arte, pesquisa & Educao.bfan.link/vao-ter-que-pagar'),(51,'@estudosgaspar','@jessicagasparoficial Registros artsticos: Estudos interdisciplinares, obras, figurinos, direo criativa ...'),(52,'@ganzalarts','BaianaCaadora ?BiomitografiaArtista Visual@trovoa__?Clica aqui e saiba mais??periodicoscientificos.ufmt.br/ojs/index.php/rebeh/article/view/12809'),(53,'@guilherme_kid','Zona oeste - RJ -BrasilRepresentado pela @luis_malufguilhermekidd@gmail.com'),(54,'@pavunakid','\"QUEM TEM CORAGEM?\" na #MAJ - @sescconsolacaoescuntyvida de artista vida de trabalho()* BALLROOM SENSEI @houseofbushido.com.brflow.page/pavunakid'),(55,'@kaekaekae','MA/RJ/SP@lojadakae @azuruhuCria do Complexo da MarCantora, arte educadora, atrizno mono, Tybyra/no binria, Pan??www.beacons.ai/kaeguajajara'),(56,'@kamikiakisedje','Fotgrafo e cineasta ambiental, com lente focada nas questes ambientais e indgenas.www.kamikiakisedje.com'),(57,'@kandupuri',' Indgena Puri Teyxokawa? Produo audiovisual no Selo @azuruhu?? Arteso & Escultor & Curador? Poesia e Rapyoutu.be/F0liwlxLZhg'),(58,'@kellycast','Juri @geretyawards @amproglobesawards@confeitariafilmes@africa.brco @vineriadecastillodocs.google.com/forms/d/e/1FAIpQLSftkgBx0ryCWtB4tYC_TETvG0ndtPVI7T_H4W7shs94SMJX-g/viewform?usp=sf_link'),(59,'@kikacarvalhokika','Visual artistE-mail: oi.kikacarvalho@gmail.comRepresented by: @portasvilaseca'),(60,'@mskiusam','Ms. KiusamPublic Figure, Writer, Black Activist and Multi-ArtistSite: www.mskiusam.comContacts:contato@mskiusam.comkiusam@mskiusam.comlinktr.ee/mskiusam'),(61,'@_rafakennedy',' ???/?? ???represented by @hoa.goooold ?*:.. @atelietransmoras ?linktr.ee/_rafakennedyarchives'),(62,'@travesteen','061 ? ra-XV?? solta em SPArtista-curadora-pesquisadora-produtora?? Mother Ynra Cyclone SP @houseofcyclone? @_grandprizelinktr.ee/ynakabe'),(63,'@brenoloeser','Artista e designer sergipano, afrorreligioso e mestre em Ciencias da Religiao / designer @adorofarm @farmrioAcesse o linktaplink.cc/brenoloeser'),(64,'@azuoslarissa','Artista visual - SP - ??olalarissadesouza@gmail.com@albertzbendarevistacontinente.com.br/edicoes/262/larissa-de-souza'),(65,'@larissaluzeluz','Cantora, atrizApresentadora no saia justa @gnt?Show: larissaluz@mareproducoesculturais.com.br?Publi: larissaluz@idworks.live? SP'),(66,'@bixarte','Actress y Cantante e Poeta Nordestinacontatobixarte@gmail.comEscute meu ltimo lanamento@casadeboneketys ?youtu.be/zrf4F97Y5AA'),(67,'@ericamalunguinho','? Deputada Estadual SP Eleita em 2018?? 100 Most Influential People of African Descent? Embaixadora do Museu de Arte Negra'),(68,'@bibirigosa','poesia: @slammarginaliadra: Filosofia PUC-SPprofa: Cincias Humanas e Pensamento Decolonial PUC-SPcontato: bibicamposleal@hotmail.com'),(69,'@desavexe','Me permito ser vulnervel //Escritor  ilustrador  DesignJobs & Collabs:desavexe@gmail.com'),(70,'@deizetigrona','Funkeira com 20 anos de carreira e artista oficial da @batekoo records ?Shows/Jobs: junior@batekoo.comOua #FOIEUQUEFIZbit.ly/FOIEUQUEFIZ'),(71,'@alexandraucanda','AtrizNarradoraArticuladora/Mediadora Cultural@nscasting@almerindas_@festivalentretodos@tocalivros@data_labe'),(72,'@walterfirmo','N.A'),(73,'@mahu_urucum','Yndygeny PataxANARCOPUNKArtystyFavelady@kafuzakozinha @ap.letreiros @pretindiaart @zeferina_atak @coletiveflechaskruzadas @obopoitara'),(74,'@__criolla','Plo marginal de Manaus.vigiando a memria ??@casamatagal ?@okan.odara ?@4lkebulan.groove @fojuneam@pretafalapramimmm b ?'),(75,'@o__bastardo','Black, Latin American and son of Mrs. Carmen.??Gallery @casatrianguloEx @beauxartsparis@masp@museudeartedorio'),(76,'@ubereguele','Anti-horrio. Planta sombra.Cirurgio, artista plstico, ator, escritor.m r Jagun.'),(77,'@ubiratansurui','Coletivo: @lakapoyfilmes ??.Cacoal-Rondnia, Brazil.'),(78,'@lakapoyfilmes','Coletivo Audiovisual Paiter Suru'),(79,'@kulumym','Leia o ensaio \"Vamos Quarar a roupa e as memrias\", escrito por Henrique Garrel'),(80,'@potencianobinaria','Artista Visual | Curadoria independente | Pesquisaprazeres.ue@gmail.com'),(81,'@_magianegra','Retirante.macedomariar1@gmail.commacedomaria.com'),(82,'@renatasampaio.arte','Gerente de Educao e Participao @mam.rioMestranda em Artes Visuais - UFPel'),(83,'@fenix_negra_purpurinada','@renatafelintostudio@premiopipa@premioselect@trovoa__renatafelinto78@gmail.com'),(84,'@recine12','Cineasta?Idealizadora do projeto empoderadas. Organizadora do livro: Narrativas incontidas do audiovisual Br e autora/roteirista na Rede Globo?'),(85,'@biancachiomaa','doce, dengosa e polida'),(86,'@elisabethbelisario','N.A'),(87,'@allys_amaral','cristianduarte.net/a-turne-interior'),(88,'@uyrasodoma','? Artista Indgena Contempornea? Biloga & Educadora? ????? ???? ????? Tambm sou @caprisanto? Parcerias: emersonpontesbio@gmail.comyoutu.be/Wm-Mu5Ps8Pw'),(89,'@andymarques.end','Artista VisualIntegrante da @ananse.ciaContato: 11954450144'),(90,'@deriandrade_','pesquisador, curador, jornalistaidealizador @projeto.afrocurador assistente @inhotim'),(91,'@preta.velha','???Imaginao Radical Negra@veneno.live @sobinfluencia@festivalmulambojazzagrario@estudioronco @elegbaoja@ayoencontronegro'),(92,'@aalinebispo','Represented by:@luis_maluf | art@labaraque_creative | commercialCurator at: @iibirapitanga'),(93,'@luciribeir0','Hist. de arte, curadora, educadora.Docente @fasm.oficial @nafaapColaboradora @projeto.afro @contemporaryand.americalatina'),(94,'@moisespatricio','???????+info: moisespatricio22@gmail.com'),(95,'@ina.okun','N.A'),(96,'@andrevargassantos','Artista visual, poeta, compositor e educador.Representado por @galeriavermelho .'),(97,'@diambe_coisa_viva','N.A'),(98,'@luna_vitrolira','MC * Msica * Literatura * Cinema * Publicidade *lunavitroliraproducao@gmail.comAQUENDA - O AMOR S VEZES  ISSO'),(99,'@sil.vana','@lambesgoia_maranhosilvanamendesfoto@gmail.com'),(100,'@lambesgoia_',' colagem digital  fotografia afetiva  muralismo  mobgrafia  lambe silvanamendesfoto@gmail.com'),(101,'@performervalsouza','Who is Venus ?Resident at @pact_zollverein ??Scholarship @imoreirasalles @revistazum difcil ser uma grande gostosa no Brasil! F nas gostosas?'),(102,'@venturaprofana','the lioness that looks like a church~ venturaministerial@gmail.com'),(103,'@vitapereiraa',' sou artista eu dou ekcantora @irmasdepaugesto @_travadacontato: transvitta@outlook.comASSISTA #SHAMBARALAI ????'),(104,'@vulknik','Travesty ?~circense~~artista plastica~~mestra em teatro~~doutoranda em artes~? @cucetasproducoes? @ciafundomundo'),(105,'@ipeafro','O Ipeafro atua na preservao da cultura africana e afro-diasprica.Acesse nosso site.'),(106,'@alan.arie','Artista | Pesquisador @negres.tudo | Educador ? | Indigenista | Produtor | Viajante ?FESTIVAL HUNI KUIN EM UBATUBA 11 a 15 de novembro!?? ? ??'),(107,'@anaflaviacavalcanti','#ababquerpassear@sayonarasarti@nova.comunicacao'),(108,'@bicalhocharlene.arte','Artista visual. Curadora de articulaes criativas. Educadora. Idealizadora do@projetoraizforte. Contato: bicalho.charlene@gmail.com'),(109,'@amun.ha','Trava no BinarieAtriz/Cantora/Performer Visual/Fire Dancer?MunRates?no binria do Brega?RJ.?PE.?Escute agora o lbumMUNDHANA'),(110,'@ayrsonheraclito','Og, professor da UFRB, artista visual e curador.'),(111,'@beatrizmilhazes','Perfil oficial da artista Beatriz MilhazesBeatriz Milhazes official profile'),(112,'@carollinalauriano','MAXIMALISTACuradora de arte e pesquisadoraAdjunta 13 @bienalmercosulTambm escrevo sobre outras coisas que me emocionam?ola@carollinalauriano.com'),(113,'@diegodosuburbio','#blackcreatorprogram ?? @google e @creators.llc Dramaturgo @jorgeprasempreveraoPesquisador de vivncias Negras LGBTQIA+???Fotgrafo @clickdodih'),(114,'@degografit','Artista Carioca: RJ /SP / ?YouTube: degografitContato: iommidego@gmail.com'),(115,'@jupdobairro','oua CORPO SEM JUZO - EP nas principais plataformas de streaming / shows, parcerias e propostas: contato@jupdobairro.com'),(116,'@de.saturno','artista visual, crtico e curadorum defeito de cor no @museudeartedorio 11/09  14/05creatures of my dreams, raise up and dance with mesp, brazil'),(117,'@edgarkanayoko',' Etno Fotografia | Antropologia? Indigena Xakriab ? Rowaste mba to inrowa ?? Um pe na aldeia, outro no mund? @kanayko_art ?'),(118,'@elianalmeidaaa','N.A'),(119,'@elialvescruz','Pgina oficial de Eliana Alves Cruz. Escritora e jornalista. Roteirista na @paramountplusbr e colunista do @uolesporte. ???'),(120,'@emicida','Oua agora o novo lbum Emicida'),(121,'@esterdeoxum','?Encomendas via direct?Ateli Virtual: Pintora  arte-educadora  performer do agreste  bailatrizTenho pintado minha f.Yawo do Aramefa Ode Il'),(122,'@eustaquioneves','Fotgrafo'),(123,'@explicito___','Cpx chapado /Rj ??Jota explcito artista @mtprojetosdearteTentando fazer a diferena atraves da arte! ????'),(124,'@eumarvilaaraujo','Fotografia AncestralVendo Impresses e quadros FineartMe de Ayom, fotografa e artista visual'),(125,'@estreladalva','Mina de F/ Atriz-MC / Diretora / Slammer/ Spoken Word/ Programa Manos e Minas/ Ncleo Bartolomeu -Teatro Hip-Hop e outras fitas por a.'),(126,'@eu_sou_yane','? s ??  @redetumulto??@anjf_br?    @institutonu?    s s'),(127,'@fabiolamachadoreal','Cantando | Escrevendo | CriandoO que  bom cultuar ??@awuree?@mocaprosasamba'),(128,'@gabs_instintocoletivo','GABS |Visual Artist|?: gabrielribeiro.ghr@gmail.comCurrently : ??****Based in SP-Brazil'),(129,'@thegilalves','Dir. Artstica & Criativa / Prod. Audiovisual @afropunkBA @showoencontroBoard Member @o_balanco'),(130,'@gracepasso','contato@condemais.com.brteatro: graosdaimagem@gmail.com'),(131,'@gustavo.caboco',' terra retorno'),(132,'@indiiloru','Fruto do Rio. Maranho ?? geviana.performanceart@gmail.com'),(133,'@fofuriosa','joo simes@plataforma_explode@0101artplatform_'),(134,'@temporal__temporal','artista e curador independente'),(135,'@uendelns','? publicitrio e artista visual. ?RJ/BA? desconstruir pra Ressignificar.? squad criadores Ita'),(136,'@nara_couto','Cantora, atriz, coregrafa e diretora?? Oua meu novo single Dana'),(137,'@nomartins_','SP | Brasil ?'),(138,'@lindolforn','Galeria virtual do artista escasso.'),(139,'@ru_anus','.antroploga.@ru_anus  o gatilho na constituio de sua narrativa em se dizer artista. O incio, ao se fazer comunicar/trans_navegar.'),(140,'@derlon','Arte Contempornea Popular'),(141,'@arethasadick','Espetculo \"Jorge Pra Sempre Vero\"ATRIZARTISTA PLSTICAGRIOTContatos ?eduardo.benesi@gmail.comSITE OFICIAL '),(142,'@floramatheusa','?? GRU/SP? @dagazinfluencer? cineasta da quebrada'),(143,'@dyanasantos.art','BH - Brasil ??Artista visual / EsculturaMestre em Artes Visuais pela EBA UFMGe-mail: dyanadsantos@yahoo.com.br'),(144,'@raquelrocha_art','Fazendo da Arte um grito de ReexistnciaCofundadora do @orumaiyecultural#artistanegra #arte'),(145,'@panmelacastro','Affection as driving force Humans Rights activist at @redenamiRepresented by @galerialuisastrina'),(146,'@pretararaoficial','\"Rapper | EscritoraApresentadora do #TalkFive no @globoplayCriadora @euempregadadomesticaMarketing: rita@rita-dias.com?? @leokings5 BA?SP\"'),(147,'@afro_queer','Travesti multi artista afro BrasileiraProdutora de eventos @night.queerArtista do corpoArtes Cnicas UEMS '),(148,'@andersonquack','Anderson Quack  cria da Cidade de Deus, cineasta, escritor e graduando em Sociologia na UFF. Quack  candidato a suplente do senado com Molon 400 .'),(149,'@querinog','Itabunense/BA ?RJ - SPAtor + Cantor + BailarinoWest Side Story ?@disneyplusbr'),(150,'@jessicaqueiroz','Diretora/ roteiristaAgenciamento: https://www.ilanabrakarz.com.brDiretora de cena: @paranoid_br'),(151,'@linndaquebrada','??imprensa: muniky@stampacomunicacao.compublicidade: victor.martin@digia.agshows: contato@linndaquebrada.com'),(152,'@castielvitorino','psicloga mestra em psicologia clnica (PUC-SP), escritora e artistacastielvitorinob@gmail.com'),(153,'@atransalien','UTOPIA!atransalien@gmail.comif i can\'t be free, i\'m a mistery @marshaoficial'),(154,'@queen.agontinme','SP. Brasil.artista: @0101artplatform_ @trovoa__equipe educativa: @museuafroBrasilum defeito de cor: @museudeartedorio'),(155,'@mayaquilolo','Quilombola, multiartista e antroploga que atua no cruzamento entre arte, antropologia e povos e comunidades tradicionais.'),(156,'@mitsyqueiroz','TransmasculinoArtista visualPesquisador Mestre em Artes VisuaisArte/educador@labcorpasquebram'),(157,'@di_quebrada__','Escrevo, fao pinturas e brinco com a vida.Cientista social em formao | UERJ'),(158,'@soterografando','A procura da composio ? perfeita.Salvador BAPerfil comercial, S respostar com autorizao!Fotos de minha autoria'),(159,'@cristianobbelarmino','ArtistaComunicao das Artes do Corpo - PUC'),(160,'@danielasantostarot','Tarloga, Artes e Perfumista Natural.Tarot, perfumaria, arqutipos, smbolos e histrias.Agenda aberta para consultas por DM ou atravs do site'),(161,'@brednatella','visual artist. Brasil (SSA-1996). Brednatella. Bred.Represented by @galeriainox'),(162,'@mayaraa_rosa','30??Idealizadora do Projeto @turmalinas_negras?????Dana dos Famosos 2022 @tvglobo?? @gloriagroove @gabyamarantoscoregrafa: @drikbarbosa'),(163,'@rafaelfreiiire','Expert em pele negra/Segue para filtrosO menino das flores ? Os cria (CRIA)Da Favela pro ? Josu 1:9'),(164,'@rodrigofranca','? Film and theater director, screenwriter, actor.? Diretor - Barba, Cabelo & Bigode @netflixBrasil? diverso.arte@live.com'),(165,'@aassumpcao','Em breve Sal, meu Disco 4'),(166,'@sabrinafidalgoo','Cinema @fidalgoproducoesColunista @vogueBrasil?@casefala?BUSTLE 36 Female Filmmakers Across the Globe Breaking Ground In Their Own Country'),(167,'@trovoa__','Movimento e articulao nacional de pessoas artistas, curadoras e arte educadoras racializadas'),(168,'@taycabral','Artista visual, designer e comunicloga (UFF RJ)'),(169,'@mayarawui','? produo e arte. @eusubindoemcarros'),(170,'@patfudyda','Fao umas artesKIKI  @houseofmambanegraMAIN  @houseofwestbrazil? patfudyda@gmail.com'),(171,'@wendelsalvador','?????Professor/pesquisador/artista?Salvador  meu sobrenome, sou (de) e moro em Sergipe'),(172,'@_wendyandrade','contato@mapBrasil.ag_________________________________'),(173,'@winny.rocha','artista, professor, pesquisador, produtor cultural;Vitria-ES ?????#TComAPreta @apaulapreta50@circulopalmarinoes@afrokizomba'),(174,'@fishgui','Artista na @55pxlMembro da @bsamBrasil e @cryptoart_brArtista e pesquisador de #nft, #pixelart e #cryptoart'),(175,'@xadaluBrasil','Artista mestio/Contm um DNA marginal/VegetarianoProjetos|Palestras|Assessoria|Exposies|OficinasE-mail xadalufm@gmail.com'),(176,'@afroito','Cont. <> afroito.contato@gmail.com ??'),(177,'@yaas_dom','Artes | Belas Artes??-Guarulhos SP?-2003 / geminiana'),(178,'@yacunatuxa','Indgena do Povo Tux, baiana, filha do serto Rodelas. Ativista, artista e escritora.Fao da arte um brao que luta ?'),(179,'@oatalzaira','?????@laspalozaspessoa no binria - qualquer pronome? EM CONSTANTE MOVIMENTO?'),(180,'@ze.de.paiva','#videoartist #photography #performer #zedepaiva #irritiertestadt #zeundkathleen @zeundkathleen'),(181,'@bundaskanzlerin','I only had good intentionsComedian Transmedia Storyteller SpeakerCritical ThinkerHostess?Petrolina-PE??Berlin ?? Lausanne???'),(182,'@machadomad','Visual ArtistSalo Nacional de GO - @museu_mapaDak\'Art, La Biennale de Dakar - @dak_artbiennale'),(183,'@ar.tao','Desatino romnticoArtista visual transmdia | ??'),(184,'@ana_bee_a','Visual artistVodoun IniciatedCo-founder and curator @0101artplatform_columnist at @vogueBrasil'),(185,'@1alinemotta','e-mail: 1alinemotta@gmail.com'),(186,'@pitol.andre','Art researcher/povjesniar umjetnosti |GP Arte_Design_Mdias Digitais (ECA/USP) I #lula2022'),(187,'@augustojleal','rtista de simes Filho/BA.Utopias e Distopias @BAmamOcupao Arte Comprida @oficinasculturais Oswald Andrade'),(188,'@cruzluanah','Performer, Artista Visual, Atriz, Videoartista, Arte-Educadora, Podutora e Gestora Cultural'),(189,'@sertao_negro','Rua Goiazes, quadra P, lote 9, Loteamento Shangry-la, Goinia/GO; sertaonegroartes@gmail.com'),(190,'@horrana.santoz','oleo Ivani e Jorge YunesCuradora de Pesquisa e Ao Transdisciplinar- Pinacoteca de SP -'),(191,'@daiane.pettine','l Artista / Diretora / Videomaker| Gesto Projetos CulturaisI Viver, Criar e Contar Histrias'),(192,'@marianarodrigues_____',' ? artist & nomadic & kemetic and hatha yoga teacher & @trovoa__ @per.ab_marianadesr@gmail.com'),(193,'@iris.cine','Iris de OliveiraContato: iris.cine@gmail.com??'),(194,'@guilherminaaugusti','[filosofia. artes . mdias][contato : guilherminaaugusti@outlook.com ]'),(195,'@melllanina','de pirituba.arte educador e artista visualguilimafernandes@gmail.com?SP/BR'),(196,'@abros_barros','?m.broscontato@gmail.com@abros_atelie  @carnicoletivo  @nosgaleria  @sciencestudio.xyz  @garridogaleria'),(197,'@arianaynuala','escrita e curadoria - recife, br.@trovoa__ @carnicoletivo @pulo.img ariananualaa@gmail.com'),(198,'@carnicoletivo','CONVECTOR I - maio a setembro 2022Coletivo de pessoas artistas, curadoras, articuladoras criado em 2016 em PE/ Brasil.'),(199,'@mrnsza','curator y researcher | @pulo.img | @correntezamostra ?resident @arche.space: mrnszaa@gmail.com'),(200,'@antiribeiro','N.A'),(201,'@maredematos','artista transdisciplinar  brkoda residency_nysocial fabric_texasum defeito de cor_marhistrias Brasileiras_masp @galerialume'),(202,'@pauletelindacelva','?SP BRCuradoria Independentebookings Dj: fernando@smartbiz.com.brDJ Residente:@sangramuta / @mamba.n'),(203,'@anaretratografia','Artista Visual | Curadora de Articulaes@chamanoarwww.mixcloud.com/chamanoarwww.soundcloud.com/chamanoar'),(204,'@marissanoana','@terroristasdelamor@carnavalnoinfernoarticuladora @trovoa__ CE'),(205,'@terroristasdelamor','Coletivo formado pelas artistas visuais cearenses Dhiovana Barroso e Marissa Noana terroristasdelamor2018@gmail.com'),(206,'@bru.vitorino','Dano e Conto Histrialinktr.ee/BrunaVitorino'),(207,'@alexandrealexandrinoo','Alexandrealexandrino de Alexandria.linktr.ee/Alexandrealexandrino'),(208,'@_cabano_','Bixa PretaAmaznia, Belm-PAArtista em desenvolvimento1 Me da @casadasmadresDisc.de Lic. Artes Visuais-UFPAApresentador do Arquivo Cultura.'),(209,'@maira.velozo',' Na Arte de ser eu. @firmeproducoes? Turismo- Ufpa? @miranapistaMenve??'),(210,'@miranapista','?Pinturas - Artesanato - Graffiti - Mirazinha?Na Arte de ser EU!???@maira.velozo?Belm|PA'),(211,'@jeresantosph','Retratos da negritude amaznida ?'),(212,'@andsanttos.arte','PA - Amaznia - Brasil ??linktr.ee/andsanttos'),(213,'@arrudagrafia','Entre o fundo do poo e a profundidade do possoUrbanismo, arquitetura, fotografia, costura e um monte de coisa.'),(214,'@inraizada','Raiz que cresce na gua @mika_raiz..Artes | Teresina- PI..inraizamika.wixsite.com/portifolio'),(215,'@natheferreira__','Cria da Cohab1, PE, BRAGraffiti e Educao ? FORMADAH (UFPE)Ahora en la @a.cor.pretaNo @trovoa__ | @afrontecoletivo | @kardumeprodbeacons.ai/NatheFerreira'),(216,'@amoriamrm','artista visualrecife, bramoriamrm@gmail.comamoriamorim.com'),(217,'@idlibra','transdiciplinar?olinda, Brasildressasalibra@gmail.comsoundcloud.com/idlibra'),(218,'@anastacia_marshelly','TRAVESTIBelm - PaARTIVISTA.Bailarina.Performer.Modelo.Atriz.Trancista?: anastaciamarshelly@gmail.com'),(219,'@sattairie','Pintora | made in Maraj | vivendo perto do mar.'),(220,'@tsombra_','Belm-PA,AmazniaMulti artista.Contato:tsrsombra@gmail.com'),(221,'@mo_ventura','Creative Operator from SP - BrazilMestranda em Poticas Visuais PPGAV-ECA (USP)@trovoa__www.monicaventura.art'),(222,'@bruniac15','Ancestralidade e cultura pop, afinal somos seres dotados dos saberes de nossos pais atuando na contemporneidade.Artista visualWapp: 83459703'),(223,'@filhadevenus','Fotografa e autoretratistaAnanindeua- PAcarolynnematos.myportfolio.com'),(224,'@lineaaaa_','PI, Brilustrao  arte urbana  tinta de terra?lineaaaa.pi@gmail.comlinktr.ee/lineaaaa_'),(225,'@negraolucas','AmazoniaArtista VisualMestrando em Arte e Tecnologia PPGARTES-UFPA@segueapororokamedium.com/@negraolucas'),(226,'@k.u.u.m.b.a','\"Colagens manuais e digitaisDirio de experimentaes visuais\"'),(227,'@chamanoar','CHAMA  uma experiencia dedicada a poetica da diaspora por meio das suas expressoes sonoras, celebrativas, sensoriais e escritas.ehcho.org/conteudo/chama'),(228,'@mina_ribeirinha','Graffiti /Produtora cultural/Empreendedora@tintapreta_grife @tpgraffiti @pretasparidasdeamazonia'),(229,'@saotheuzolhos','Based in BelemE-mail: hi@matheusalmeida.tvGUAPETONA ??linktr.ee/saotheuzolhos'),(230,'@aua___art','Aw Ar ??Artista e Designer Manauara/AM , Indgena MuraDesigner @museudasculturasindigenasDiretora Geral @lab___a>>>Acesse o link.taplink.cc/aua___art'),(231,'@mauricioigor','Amaznia - Belm, PaMestrando Artes Visuais / UDESCwww.mauricioigor.com/ventosdonorte'),(232,'@viviassobio','(ela/elu/ele)experimentando.artista visual multilingueestudante de agroecologia'),(233,'@dacordobarro','Multiartista independenteVida em imagem e movimento.@ondeguardootempo@clubomin@afetos_pblicos@dasfontesdeaguacristalinaManaus/AMlinktr.ee/dacordobarro'),(234,'@rafaelbqueer','Bixa Preta/ Paraense /AmaznidaVisual ArtistDrag-Themnia @uhurabqueer Exposio_ Histrias Brasileiras - @masp'),(235,'@artursantoro','curador e pesquisador de historias afro-Brasileirasco-ceo @batekoomanager @deizetigrona @realticia? publicidade: contato@mapBrasil.ag'),(236,'@umapinoia','? Camaragibe - PE - Nordeste - BRArte e Jornalismo@acasadedonarlinda @biadesenhabia@carnicoletivo @afoitas @trovoa__linktr.ee/umapinoia'),(237,'@mityzipassoss','? Amaznia, PA, Brasil??linktr.ee/mityzipassos'),(238,'@rmsleao','Belm-PA, Amaznia ?Ilustrador, grafiteiro, quadrinista, arte-educador. Perfil pros trabalhos & ilustraes e pra acompanhar artistas.mapacultural.pa.gov.br/agente/13790'),(239,'@ananindeusa','#AfroAmerndia geneticamente verificada? | DJ? | Literatura & Outras Artes? | Decolonialidade? | Ancestralidade? | Memria | ERER & Gnero?linktr.ee/ananindeusa'),(240,'@_momoioio','brilho muitoDireo de arte | Design@_ionemaria'),(241,'@moaratupinamba','?Tupinamb/ Amaznida ? Artivista e Curadorawww.moaratupinamba.com'),(242,'@wera_trap_guarani','Agenciado por @agenciakozmoArtista indigena25 years. solteiro.youtu.be/KYMBv7d1Bgo'),(243,'@jesenra','Diretora de Arte  Fotgrafa  FilmmakerRJ BR? ??@serpurpur.a@coolhunterfavela'),(244,'@carimbocobravenenosa','Artista & Jornalista MultimdiaMestre em C. Sociais/UFPAPerifrica ???????? ???????  Poesia  UtopiasOua ao vinil \"Nova Era\"???tratore.ffm.to/_nova_era_'),(245,'@micaelacyrino','Somos onipresentes e ancestrais!Head de produo executiva da @hoa.goooold/ @mjournal.onlineARTISTA @trovoa__ SPEducatriz @institutocriar'),(246,'@lucasfernandes.me','based in SPset designer  connector  creative researcher@thegrid.cx  @varioscorres  @lhama.cc'),(247,'@fabiosetti','Fotografia | Artes Visuais | Direo Diretor e fotgrafo | DF - BR ?? Represented by @kanaizagallery | UK ??www.fabiosetti.com'),(248,'@heloisahariadne','Painting painting and veganheloiisabrandao@gmail.comhttps://www.vogue.com/article/brazilian-artist-heloisa-hariadne-paints-things-as-she-feels-them'),(249,'@0kun_','?Goinia - GO, Brasil@sertao_negro | @trovoa__?contato.okun@outlook.comcampsite.bio/okun'),(250,'@aclaratito','Ana Clara Tito@trovoa__@galeriacavalo'),(251,'@thiago.paulasouza','wanna see nirvana, but don\'t wanna die yet'),(252,'@geizsa','marajoara, 23breves - belm - paartes visuais - licenciatura@ilustrapretice_pa'),(253,'@_arces','23, nb@arces.art'),(254,'@o_afrontos0','? E0 RIB3IRIH0 ?Ilustrador e designer grfico ??Oramentos via direct ??Sigam @acaicompeixefritohqSigam @mobius_hqwww.behance.net/alanfurtado1'),(255,'@casana___','RJ???@trovoa__cilantra.com.br'),(256,'@medeusa_','26yBelm/Bujaru@julypeer'),(257,'@rphl.cruz','rio.berlin'),(258,'@manauaraclandestina','Fashion CollabDaughter of @atelietransmoras?SP'),(259,'@adivagreen','Artista CapilarCABELOS E ANCESTRALIDADESTRANADEIRA + MERCADORA + PESQUISADORA + CEO @ori.afrofuturoCLOSERAAA de GREENLHESlinktr.ee/oricursoseoficinas'),(260,'@abinieljnascimento','artist and writer@kaaiuru@alfazemabrabacontact: abinieljnascimento@gmail.com'),(261,'@priscilarezende.art','Artista Plstica | Visual ArtistVive em Belo Horizonte | Based in Belo Horizonte, Brasillinktr.ee/priscilarezendeart'),(262,'@je0an','artista visual'),(263,'@silvaraujoeduardo','linktr.ee/dudxdudy'),(264,'@m0xc4','?NON USABLE MACHINES????? @hoa.gooooldlinkr.bio/m0xc4'),(265,'@uvnancio','ELE/ELUSP - ZN'),(266,'@laryssamachada','artista visual, fotgrafa, filmmaker y educadora popularem exposio no @mamoficial / @pivoartepesquisa / @institutoinclusartiz / @BAmam?spcargocollective.com/laryssamachada'),(267,'@rainhaf_','N.A'),(268,'@p.v.d.i.a.s','Brazilian, born in the Amazon, based in RJ.@vervegaleriaEm exposio:Salo Arte PA - PASesc So Gonalo - RJwww.select.art.br/a-amazonia-tecnohibrida-de-pv-dias'),(269,'@eziorosa_','Zona Leste/SP/MultiartistaSocial Media: @catracalivreIdealizador: @festivalbixanago l @use.agemo'),(270,'@beatrizpaivart','Artista visual. Artista urbana. Pesquisadora. Sapato.Belm - PAFaa sua encomenda via imbox ?@aningaloja @coletivojacunda @ilustrapreticepalinktr.ee/beatrizpaivart'),(271,'@biarezendeee','?SP??- arte,caos&aleatoriedades'),(272,'@tatiananascivento','poeta, compositora, cantoraanalgica & desinfluen-serBrasiliense sem orgulhome da ir ?bit.ly/livros2022'),(273,'@ademarbritto','curador ? ?curadoria ?? colecionismo'),(274,'@nati_homero','Atriz na @ananse.cia ??Educadora'),(275,'@apamelacarvalho','- Pesquisadora das culturas negras- Historiadora- Educadora- Comunicadora- Produtora CulturalE FAVELADA.'),(276,'@bamagalhanis','- Devagar tambm  pressa - ???Batuqueira. Cientista Social. Arte educadora. Articuladora Cultural.@serieanaya'),(277,'@kellysantos7505','Artista da Dana e do AudiovisualJornalista, EducadoraIntegro o @programapia_ @batakeredanca @nucleocorporeidades @leledeoya @cangarussuyoutu.be/PJzI-9jUSuY?list=PLF63fqZIHJQuCdCQJasREv8u86tB814pe'),(278,'@sou_meneses','Histria da arte UNIFESPSegue l:? @falando_emarte @pinadigitalmaua? @graffiteirasnegrashttps://drive.google.com/drive/folders/1jM26aoNxPK4-MZTcqv6CgWk3K76ovHTw'),(279,'@acervodalaje','Casa  Museu  EscolaPlataforma  SalvadorEspao museal independente, por Vilma Santos  Jos EduardoDoaes (pix): doacaoacervodalaje@gmail.comlinktr.ee/acervodalaje'),(280,'@marcelacantuaria','?  ? @sescpompeia Propostas de reencantamento? @mam.rio Atos de revolta: outros imaginrios sobre independncia? @masp Acervo em transformaomarcelacantuaria.com.br'),(281,'@_rafa_black','N.A'),(282,'@bretasvj','FAU-USP Architecture||||||||||| ARTISTA!NewMEDIA - ARTE DIGITAL#VIDEOMAPPING #generativeart #projecoesyoutu.be/cdYw0Nc-QiA'),(283,'@alexandre_ignacio_alves','Artista visual, SP, Brasil.'),(284,'@aderbalashogun','N.A'),(285,'@projeto.afro','Plataforma afro-Brasileira de mapeamento e difusao de artistas negros/as/es contato@projetoafro.com Acesse o sitelinktr.ee/projetoafro'),(286,'@fabcontemporary','N.A'),(287,'@alexhornest',' PAINTER MULTIMEDIA SCULPTOR?DIGITAL \"strategist\" and DIRECTOR at #ITEM72 ( @item72ForCollectors )instabio.cc/alexhornest'),(288,'@dalinebaiana','N.A'),(289,'@alissondamasceno_','Artiste dana ~ ?????Mais trabalhos em @gal.art.br??????www.gal.art.br/pages/alisson-damasceno-1982-belo-horizonte-mg'),(290,'@anaraylander','?nascida no cafund do mundoatua no cruzo da escrita, performance, educao e brincadeira? superfcie do possvel raylandermartismartis@gmail.com'),(291,'@andre___ricardo','andrericardo.net.br'),(292,'@antoniotom_tom','Tom,composio de cores,experincia com pigmentos em tela e papel,Desenhos pintura escultura fotogrfica, uma histria criativa,artes visuais,gmail.com'),(293,'@lutopnos','Fotografia de Corpes Reaiswww.linkedin.com/in/brendalimatavares'),(294,'@bruno_baptistelli','@galerialuisastrina & @gdartistas.www.daily-lazy.com/2021/11/bruno-baptistelli-at-gda-sao-paulo.html?m=1'),(295,'@caiozeros','Quadrinista, ilustrador e artista-educador, RJlinktr.ee/caiozeros'),(296,'@clebsonfranciscoo','Para conhecer meu trabalho entre no site abaixoPara contato, trabalhos e convites envie por e-mail contato@clebson.com(no olho DM)'),(297,'@inf3rnin','@sayt4n \'s work / Dante Freire?want to support my work?PayPal: infrnin@gmail.comwww.infernin.com.br'),(298,'@davipontttes','davie.pontes@gmail.com@escolarepertoriowww.moma.org/magazine/articles/624'),(299,'@eitaday','ZN | Avante Cidad JaperienseArt | IT | Art@roodeart'),(300,'@daisy_aserena',' das imagens, das palavras, dos afetos e do ax \"a dispora  um corao-quilombo\" na @revistaruidomanifesto @a.cor.pretalinktr.ee/SerenaDai'),(301,'@desali_xo','ArtistasXeVegutapy.link/desali'),(302,'@cruxdiego','quase-artista _ _ _ _ _em residncia @casadaescadacoloridaem punga @vilanismodiegocrux.com'),(303,'@diogonogueart','???????Artista visual, poeta, professor, escritor e ilustrador. simbolismo, busca da ancestralidade.#draw, #painting #contemporanyart #afrofuturismowww.diogonogue.com.br/contato'),(304,'@dirneiprates','www.dirneiprates.com'),(305,'@edusilva.art','Artista VisualGaleria Lus Malufluismaluf.com/atual/corolario'),(306,'@elidayanaalexandrino','Ningum pode censurar o brilho nos meus olhos Artista Visual/Educadora/Pesquisadora@narrativas_que_se_encontramwww.artistaslatinas.com.br/artistas-1/elidayana-alexandrino'),(307,'@patriciass_ft',' atravs da Fotografia que os instantes deixam-se ver tal como so.Salvador,BA-Brasil? Fotos autorais? Fotos disponveis pra venda(71)91695091patriciasantoss.myportfolio.com'),(308,'@vilanismo','Vilanismo  uma plataforma de novas imagticas para homens Pretos e/ou Favelados.linktr.ee/vilanismo'),(309,'@alex_igbo','Multi#SsaCEO @igboarteTempo  tempoA rua  meu bero'),(310,'@marceldiogo.art','Artista  Professor  Curador independenteRepresentado por @diasporagaleria@galeriaperiscopiowww.marceldiogo.com'),(311,'@coletivocoletores','Arte digital/Vida real@tonibaptisteBrasil@flavio_camargo_seresPrmio PIPA 2022 ganhadoresEntrevista Arte 1 youtu.be/_43zHD7ua-o'),(312,'@rubianemaia_artwork','Transdisciplinary ArtistIn between Brazil, Uk y beyond ?linktr.ee/rubianemaia'),(313,'@gustavodenazareno','N.A'),(314,'@tiagosantanaarte','Artista VisualCurador-Salvador da BA - Brasiltiagosantanaarte@gmail.cominstabio.cc/tiagosantanaarte'),(315,'@felipeoladele','Ator, diretor, saxofonista e DJ.Founder @cianegra | @projectatlanticsDivino no ROTA 66 - @globoplayExposio BLACKFACE no Destaque ;)www.sescsp.org.br/programacao/travessia'),(316,'@mafaldapequenino','Atriz respirando possibilidades variadas de conexes para resistir de forma potica. @cata.ppum @pernaltasdoorun @instadoquintal @iluobayoutu.be/iOc2o9usXFc'),(317,'@julianadossantosarts','Em exibio:Praa da Lngua @museudalinguaportuguesajulianadossantos.net'),(318,'@mirellammaria','Visual Artist | Researcher'),(319,'@maira_darosa','? Vocalista da @sambadedandara? Artista educadora no @etasescsp? Filha de ax no @ileaseojuoya_oficialyoutu.be/hR4cuqbn268'),(320,'@igormsimoes','N.A'),(321,'@bitucassunde','Pesquisa, Curadoria e EducaoContato: bitucassunde@gmail.com'),(322,'@haroldosaboia','Pesquisador-Artista[S posso dizer que estou vivo e muito ligado]files.cargocollective.com/c155495/carta_baldwin_2021.pdf'),(323,'@maxwell__alexandre','entrevista em vdeo com @lukarman / na ntegrawww.youtube.com/watch?v=21cBf0W1RGQ&feature=youtu.be'),(324,'@eneida.sanches','Artista visual. Gravadora. Co-founder of www.lazygoatworks.com with Tracy Collins.www.lazygoatworks.com'),(325,'@enivo','Enivo@a7ma.art.br'),(326,'@flavinhocerqueira','Artist represented by Leme Gallerysesctv.org.br/programas-e-series/arterias/?mediaId=98793032f73039f5519c9'),(327,'@gervanedepaula','Pintor, desenhista e objetista - Cuiab/MTContato: - 21 99775-0113 - @mtprojetosdearte'),(328,'@gilsonplano','artistadrive.google.com/file/d/1PLwx4PBxujaUlf4ah5EoSy4jLxhj3HOX/view?usp=drivesdk'),(329,'@euguilherme__almeida','SALVADOR I BA@galeriabase@ribotgallery'),(330,'@helosanvoy','? Arteiro ?helosanvoy.com'),(331,'@hudrodrigues_','Photographer and Director @ladybird.tvSP / Brasilhudsonrodrigues@gmail.comretinalatinoamerica.com/entrevista/hudson-rodrigues'),(332,'@iagorperes','iagor.peres@gmail.com@carnicoletivo'),(333,'@igorrodrigues.art','@acervogaleriadearte@galeriafrente-COISAS ACESAS POR DENTRO 19/11 na @galeriafrentewww.igorrodrigues.art'),(334,'@groisoazu','https://rvculturaearte.com/artista-igor-souza'),(335,'@iza_dorar','?????Artista VisualEntusiasta IA (MJ & SD)NFTEducadoraPesquisadora @nano_ufrjEstagiria no CApUFRJ - Escola de Belas Artes?RJ - BXD'),(336,'@jaimelauriano','represented by @galerianararoeslerpartnerships by @doisum___duo @silenciocoletivowww.jaimelauriano.com'),(337,'@januariogarciaoficial','Meio sculo dedicado a fotografar a vida e luta do povo negro (tb msica e publicidade)www.januariogarcia.com.br'),(338,'@jeffskorupski','Ser-To ?Madalena-CElinktr.ee/Jeffazarte'),(339,'@jessvieira___','feita de rio, mar e terra vermelhade BSB em SSAoijessvieira@gmail.comjessvieira.com'),(340,'@jorgedosanjosjla','Artista plstico, MG -BrasilBrazilian Artist Sculptoryoutu.be/JUk7J5t3yKE'),(341,'@zafa061','Artista plstico, autodidata, nasceu na cidade do Gama, Braslia, no dia 20 de setembro de 1971.josafaneves.com.br'),(342,'@keilasankofa','Artista Visual e realizadora audiovisualManaus - AMAmazniaContato  keilasankofa@gmail.comlinktr.ee/keilasankofa'),(343,'@leandromunizdesousa','polissemic art worker ??curatorial assistant @masplinktr.ee/leandromunizdesousa'),(344,'@sheilaleoneli','Yoruba  d\'Oxum y d\'Oy ??? ?Afro indigenous queer brazilian artist ?Documentary filmmaker @iyagbakilomboTerritrio Artstico Femi ExusticoAse'),(345,'@lidia_lisboa','Artista representada pela Galeria Millan( Brazilian artist with representation of Millan Galery )www.lidialisboa.com.br'),(346,'@cadeiadecorpo','Visual Artist / DancerBrazil ??? Atos de Revolta - MAM Rio? Scenorama -Javett upyoutu.be/ypnPYjnWQ5s'),(347,'@lagunalucia','N.A'),(348,'@elefantesbrancos','art director, visual artist & brazilian | @soko.cxluizferreira.cargo.site'),(349,'@bonfim_marcela','Pga no Cabocoooooo !!!!www.amazonianegra.com.brwww.madeiradedentro.com'),(350,'@jadejishi','55 021/082, 25y.Licenciatura, Artes Visuais - EBA/UFRJPsicopedagogia e Inteligncia Emocional+'),(351,'@michelcena7','@omagaleria@ateliecasasete . VV - POVO .Cena7@hotmail.comissuu.com/michelcena7/docs/pinturas_enciclop_dia_negra/2'),(352,'@mulambeta','OURUBUat novembro no @institutopretosnovos - RJO PENHOR DESSA IGUALDADEat fevereiro no @centroculturalsp - SPSaquarema - RJ ??www.mulambeta.com.br'),(353,'@musamattiuzzi','citizen of the worldwww.studiomusa.art'),(354,'@sheylaayo','Peixa com escamadas de Ouro ?? visual artist@trovoa__ @artistaslatinasSHEYLAAYO@GMAIL.COM#artsampa #artistaslatinas #artrio22 #Arpa #SPArtelinktr.ee/sheylaayo_'),(355,'@negojunior_','fotgrafo  designer  produtor fundador@sambarocknaveia@sambarockdiquebrada participante@artenafotografia? de ax de quebrada raa 1negojunior.com.br'),(356,'@pabloready','T sem fomepablovieira.weebly.com'),(357,'@loverso_arte','? Habilitada em Arteterapia.Arte Educadora - Oficineira - Artista Visual - Recreao Infantil / Snior - Palhaa Coquito.'),(358,'@_mulungu','@portasvilaseca@bolsapampulha'),(359,'@peterdebritobrito','peterdebrito.com'),(360,'@calixtodesenha','@oficinatraquitana@casa_suja'),(361,'@rafael.rg','Artist / Writer from Brazil| Guarulhos | So LusJoycer at @umaquestaodejoycesopen.spotify.com/episode/4kiAVPu32Zh6wGLQscZ8Qd?si=tEOWBfkLRD-eptvGmhCZwA&utm_source=copy-link'),(362,'@ramo.negro','.//:VILO: @vilanismo.Ramificar - @museudeartedorio.AMEFRIKAH - @museudacidade.xodus - @sescsantana.111 - @memoriacarandiru.#ramifiquemoslinktr.ee/Ramo_'),(363,'@raquel_bacelar','Rebeldia em forma de afeto. ?#curiosaretinalinktr.ee/raquel_bacelar'),(364,'@rebecacarapia','ArtistBEHOLD, WE ARE HERELunds konsthall SuciaMAR - Um defeito de corCarolina Maria de Jesus - MARwww.pivo.org.br/programas/entre-livros'),(365,'@reitchelkomch','#reitchelkomchbit.ly/3AzoOqX'),(366,'@ngr.rnld','elu/ela>elefalo de forma pouco conclusiva, as vezes sobre arte, mas em geral sobre coisas que no se perguntou.de Pacajus/CE em Braslia.'),(367,'@robinho_santana','Mais um rapaz comum I Diadema I SP | Brasil olarobinhosantana@gmail.comacaoeducativa.org.br/como-a-pintura-revela-robinho-santana-o-bom-filho-do-jardim-ruyce'),(368,'@gilbef','is.gd/gilbef'),(369,'@rommulo_vieira_conceicao','Artista Visual. Instalaes, esculturas, desenhos, fotografias. Arte contempornea. Visual artist, installations, drawings, photography, contemporarywww.rommulo.com'),(370,'@ros4luz','? Ros4 - Santa Bandida ? SOM NOVO ??linktr.ee/ros4'),(371,'@samueldesaboia',' he/theyThe power to dream entire worlds.Represented by @communitynewyorkwww.traveler.es/articulos/samuel-de-saboia-artista-queer-Brasileno-entrevista'),(372,'@santidio_pereira','www.galeriaestacao.com.br/pt-br/artista/93/santidio-pereira'),(373,'@ilustra_pretamaria','ilustra_pretaArteSara Maria'),(374,'@sergio_adriano_h','Artista visual | Fotografo | PesquisadorFormado Artes Visuais e Mestre em FilosofiaVive e produz entre Joinville e SPwww.choquecultural.com.br/pt/2022/01/05/no-consigo-respirar-exposicao-de-sergio-adriano-h'),(375,'@soniagomesarte','Artista PlasticaMendes Wood DM, SP'),(376,'@tadaskia','?hari seema'),(377,'@terciliaartenaif','? Eu pinto a infncia.? Divulgao (cartaz) Bienal NAFs ?? - 1998? Meno honrosa FIAN 2018? Galeria @sambaquigaleriadearte#terciliadossantoswa.me/5548999717324'),(378,'@thomaz.rosa','@castiglioni___ @quadragaleria'),(379,'@_tiggaz_','? @afrotometria | @_fotopreta? ftiago.santana@gmail.comprojetoafro.com/editorial/entrevista/entrevista-com-artista-tiago-alexandre-santana'),(380,'@tiagogualberto','Artista Visualwww.youtube.com/watch?v=Si7_dx_Wo8c'),(381,'@waleff.dias','Psiclogo, me. artes visuais (UnB), doutorando psicologia (UFF) e artistaAP/RJ_Lembrar que a dor no  o nico jeito de existir - Teaser (2022) youtu.be/bcdiN9NtY2I'),(382,'@wandersongomes.oficial','EducadorCorinthianoMaloqueiroAfroamerindioDUKSz/swandersongomes.yolasite.com'),(383,'@owillartista','Im a Brazilian artist. I was part of @piolhonababo create a collective colab31 https://projetoafro.com/artista/william-lima-will/https://www.owillartista.com'),(384,'@harielrevignet','Corredeira de rio, fundura de mar'),(385,'@glaucepatricia','Artista-Curadora-Arte educadora, Mestra em Artes,Afro-amaznida@atelieobatalanila@trovoa__www.instagram.com/tv/CEaF82Wh111/?utm_medium=copy_link'),(386,'@nutyellycena__',' museloga e doutoranda em antropologia social @ppgasmnpesquisa |educao |curadoria MA/GO/PE[curadoriaepesquisa@gmail.com]'),(387,'@yamamayayama','yamamayayama1ctt@gmail@fractalarte @shashamanebraidsModelo @hutucastingArtista VisualDiretora de arteCriadora de imagemZona leste-SP'),(388,'@artistajulianaxukuru','Artista Visual indgenaPesquisadora GPEAV.UFPB e CAIN. UFPEFilha da Serra do Ororub e do Juc.@trovoa__Mestra Em Artes Visuais UFPB/UFPE.heylink.me/julianaxukuru'),(389,'@rebi.franca','Educao: Histria e Direitos Humanos.Pesquisa-criao: Arte e Expografia.@projetokalunga @girosaosollinktr.ee/graffiteirasnegras'),(390,'@elianamorim_art','(1996-), Exu, PE.Retirante/Artista/Professora/PesquisadoraTambm  @jurema.preta@trovoa__@grupo_nzingalinktr.ee/elianamorim'),(391,'@ianah_','?PE / PB - BR??? #geotinta? @trovoa__ @nos.arteterritorio @nupaa_favufg @meapxpelofiltroqueprojeteiemvclinktr.ee/ianah'),(392,'@ahhdindi','Odeio despedidas.terrorista nas @terroristasdelamordemonya no @carnavalnoinfernoarticuladora @trovoa__ CEadivinhadindi.tumblr.com'),(393,'@nazaresoares_artista','artista plstica@artistaslatinas@trovoa__+linktr.ee/nazaresoares'),(394,'@consueloveacoroca','Pixo  Pintxuras  Rua  Tattoo  Piercings  Corres  VidaProduo artesanal nativaAgreste/RNDireitos Autorais linktr.ee/VeaCoroca'),(395,'@julianafervo','linktr.ee/JulianaFerv0'),(396,'@acronologica','sites.google.com/view/sankofa-formaoemarte-educaoagr'),(397,'@franxica_19','Mestranda em Arte e Cultura Visual-UFGGravadeira de poticas astrais ancestraisMulher peixe pssaro'),(398,'@keynaeleison','Direo Artstica com @pablolafpe@mam.riolove researcher#amorcomomtodo#loveasmethod@0101artplatform_@trovoa__amlatina.contemporaryand.com/editorial/sorrir-diante-do-fim-do-mundo-keyna-el'),(399,'@martasupernova','Ordem secreta?Contemporary art-Electronic musicSound-VisualJobsmsupernova.producao@gmail.com@audiovisualsound@_queroquando_levo@festadamartaaudiovisualsound.com'),(400,'@besouroaline','? serigrafias, imagens e roupas e objetos ~ girl from rio ?? em ? lisboalinktr.ee/alinebesouro'),(401,'@lais__amaral','neta do sol~artes~artista@fio_______@trovoa__Represented by @hoa.goooold and @mblosangelesRJ-Brazillaisamaralcontato@gmail.com'),(402,'@yeddissima',' artista  ativista  articuladora  fotgrafa viajando o mundo estudando arte, ancestralidade e cultura ? yeddaaffini@gmail.comlinktr.ee/yeddissima'),(403,'@bruna_kury','?? ?? ?'),(404,'@estudioimaterial','Artista@trovoa__ y mestra IA-UNESP fotografia-ritual? Abya Yalaset-jan > @kunstmuseumwolfsburg ??set-jan > @rubinfoundation ??nov-jul > @inhotim ??+www.barbaramilano.art'),(405,'@petalalopes','Currently in Brazil | Direo & DP | Imagens, trnsitos, deslizamentos, tempos, fices y memrias mestizas| @trovoa__ | @coletivodafbboaforma.abril.com.br/equilibrio/formiga-futebol-copa-do-mundo-2022'),(406,'@jujumalulu','Arteira@cazuloamarelo@odecrew@arteurbananaescola'),(407,'@bibiancaleite','@quadragaleria');
/*!40000 ALTER TABLE `perfis` ENABLE KEYS */;
UNLOCK TABLES;

--
-- Dumping events for database 'iaater'
--

--
-- Dumping routines for database 'iaater'
--
/*!40103 SET TIME_ZONE=@OLD_TIME_ZONE */;

/*!40101 SET SQL_MODE=@OLD_SQL_MODE */;
/*!40014 SET FOREIGN_KEY_CHECKS=@OLD_FOREIGN_KEY_CHECKS */;
/*!40014 SET UNIQUE_CHECKS=@OLD_UNIQUE_CHECKS */;
/*!40101 SET CHARACTER_SET_CLIENT=@OLD_CHARACTER_SET_CLIENT */;
/*!40101 SET CHARACTER_SET_RESULTS=@OLD_CHARACTER_SET_RESULTS */;
/*!40101 SET COLLATION_CONNECTION=@OLD_COLLATION_CONNECTION */;
/*!40111 SET SQL_NOTES=@OLD_SQL_NOTES */;

-- Dump completed on 2023-01-13 11:45:29
